chebi,ecto,phenotype,receptor,exposure,source,concentration,frequency,duration
http://purl.obolibrary.org/obo/CHEBI_81781,http://purl.obolibrary.org/obo/ECTO_0001431,http://purl.obolibrary.org/obo/UBERON_0000071,http://purl.obolibrary.org/obo/NCBITaxon_7955,EXP_0,Biobide,AC50,acute,4d
http://purl.obolibrary.org/obo/CHEBI_81781,http://purl.obolibrary.org/obo/ECTO_0001431,http://purl.obolibrary.org/obo/ZP_0002314,http://purl.obolibrary.org/obo/NCBITaxon_7955,EXP_1,Biobide,AC50,acute,4d
http://purl.obolibrary.org/obo/CHEBI_81781,http://purl.obolibrary.org/obo/ECTO_0001431,http://purl.obolibrary.org/obo/ZP_0000043,http://purl.obolibrary.org/obo/NCBITaxon_7955,EXP_2,Biobide,AC50,acute,4d
http://purl.obolibrary.org/obo/CHEBI_81781,http://purl.obolibrary.org/obo/ECTO_0001431,http://purl.obolibrary.org/obo/ZP_0005892,http://purl.obolibrary.org/obo/NCBITaxon_7955,EXP_3,Biobide,AC50,acute,4d
http://purl.obolibrary.org/obo/CHEBI_81781,http://purl.obolibrary.org/obo/ECTO_0001431,http://purl.obolibrary.org/obo/ZP_0002347,http://purl.obolibrary.org/obo/NCBITaxon_7955,EXP_4,Biobide,AC50,acute,4d
http://purl.obolibrary.org/obo/CHEBI_81781,http://purl.obolibrary.org/obo/ECTO_0001431,http://purl.obolibrary.org/obo/ZP_0010821,http://purl.obolibrary.org/obo/NCBITaxon_7955,EXP_5,Biobide,AC50,acute,4d
http://purl.obolibrary.org/obo/CHEBI_81781,http://purl.obolibrary.org/obo/ECTO_0001431,http://purl.obolibrary.org/obo/ZP_0002198,http://purl.obolibrary.org/obo/NCBITaxon_7955,EXP_6,Biobide,AC50,acute,4d
http://purl.obolibrary.org/obo/CHEBI_81781,http://purl.obolibrary.org/obo/ECTO_0001431,http://purl.obolibrary.org/obo/ZP_0003211,http://purl.obolibrary.org/obo/NCBITaxon_7955,EXP_7,Biobide,AC50,acute,4d
http://purl.obolibrary.org/obo/CHEBI_35033,http://purl.obolibrary.org/obo/ECTO_0002271,http://purl.obolibrary.org/obo/UBERON_0000071,http://purl.obolibrary.org/obo/NCBITaxon_7955,EXP_8,Biobide,AC50,acute,4d
http://purl.obolibrary.org/obo/CHEBI_35033,http://purl.obolibrary.org/obo/ECTO_0002271,http://purl.obolibrary.org/obo/ZP_0002314,http://purl.obolibrary.org/obo/NCBITaxon_7955,EXP_9,Biobide,AC50,acute,4d
http://purl.obolibrary.org/obo/CHEBI_35033,http://purl.obolibrary.org/obo/ECTO_0002271,http://purl.obolibrary.org/obo/ZP_0000043,http://purl.obolibrary.org/obo/NCBITaxon_7955,EXP_10,Biobide,AC50,acute,4d
http://purl.obolibrary.org/obo/CHEBI_35033,http://purl.obolibrary.org/obo/ECTO_0002271,http://purl.obolibrary.org/obo/ZP_0005892,http://purl.obolibrary.org/obo/NCBITaxon_7955,EXP_11,Biobide,AC50,acute,4d
http://purl.obolibrary.org/obo/CHEBI_35033,http://purl.obolibrary.org/obo/ECTO_0002271,http://purl.obolibrary.org/obo/ZP_0012799,http://purl.obolibrary.org/obo/NCBITaxon_7955,EXP_12,Biobide,AC50,acute,4d
http://purl.obolibrary.org/obo/CHEBI_35033,http://purl.obolibrary.org/obo/ECTO_0002271,http://purl.obolibrary.org/obo/ZP_0002347,http://purl.obolibrary.org/obo/NCBITaxon_7955,EXP_13,Biobide,AC50,acute,4d
http://purl.obolibrary.org/obo/CHEBI_35033,http://purl.obolibrary.org/obo/ECTO_0002271,http://purl.obolibrary.org/obo/ZP_0010821,http://purl.obolibrary.org/obo/NCBITaxon_7955,EXP_14,Biobide,AC50,acute,4d
http://purl.obolibrary.org/obo/CHEBI_35033,http://purl.obolibrary.org/obo/ECTO_0002271,http://purl.obolibrary.org/obo/ZP_0002198,http://purl.obolibrary.org/obo/NCBITaxon_7955,EXP_15,Biobide,AC50,acute,4d
http://purl.obolibrary.org/obo/CHEBI_35033,http://purl.obolibrary.org/obo/ECTO_0002271,http://purl.obolibrary.org/obo/ZP_0000398,http://purl.obolibrary.org/obo/NCBITaxon_7955,EXP_16,Biobide,AC50,acute,4d
http://purl.obolibrary.org/obo/CHEBI_2555,http://purl.obolibrary.org/obo/ECTO_0001602,http://purl.obolibrary.org/obo/ZP_0002314,http://purl.obolibrary.org/obo/NCBITaxon_7955,EXP_17,Biobide,AC50,acute,4d
http://purl.obolibrary.org/obo/CHEBI_2555,http://purl.obolibrary.org/obo/ECTO_0001602,http://purl.obolibrary.org/obo/ZP_0005892,http://purl.obolibrary.org/obo/NCBITaxon_7955,EXP_18,Biobide,AC50,acute,4d
http://purl.obolibrary.org/obo/CHEBI_2555,http://purl.obolibrary.org/obo/ECTO_0001602,http://purl.obolibrary.org/obo/ZP_0012799,http://purl.obolibrary.org/obo/NCBITaxon_7955,EXP_19,Biobide,AC50,acute,4d
http://purl.obolibrary.org/obo/CHEBI_2555,http://purl.obolibrary.org/obo/ECTO_0001602,http://purl.obolibrary.org/obo/ZP_0002347,http://purl.obolibrary.org/obo/NCBITaxon_7955,EXP_20,Biobide,AC50,acute,4d
http://purl.obolibrary.org/obo/CHEBI_34608,http://purl.obolibrary.org/obo/ECTO_0001646,http://purl.obolibrary.org/obo/UBERON_0000071,http://purl.obolibrary.org/obo/NCBITaxon_7955,EXP_21,Biobide,AC50,acute,4d
http://purl.obolibrary.org/obo/CHEBI_34608,http://purl.obolibrary.org/obo/ECTO_0001646,http://purl.obolibrary.org/obo/ZP_0002314,http://purl.obolibrary.org/obo/NCBITaxon_7955,EXP_22,Biobide,AC50,acute,4d
http://purl.obolibrary.org/obo/CHEBI_34608,http://purl.obolibrary.org/obo/ECTO_0001646,http://purl.obolibrary.org/obo/ZP_0002347,http://purl.obolibrary.org/obo/NCBITaxon_7955,EXP_23,Biobide,AC50,acute,4d
http://purl.obolibrary.org/obo/CHEBI_34608,http://purl.obolibrary.org/obo/ECTO_0001646,http://purl.obolibrary.org/obo/ZP_0004969,http://purl.obolibrary.org/obo/NCBITaxon_7955,EXP_24,Biobide,AC50,acute,4d
http://purl.obolibrary.org/obo/CHEBI_28119,http://purl.obolibrary.org/obo/ECTO_0000456,http://purl.obolibrary.org/obo/UBERON_0000071,http://purl.obolibrary.org/obo/NCBITaxon_7955,EXP_25,Biobide,AC50,acute,4d
http://purl.obolibrary.org/obo/CHEBI_28119,http://purl.obolibrary.org/obo/ECTO_0000456,http://purl.obolibrary.org/obo/ZP_0002314,http://purl.obolibrary.org/obo/NCBITaxon_7955,EXP_26,Biobide,AC50,acute,4d
http://purl.obolibrary.org/obo/CHEBI_28119,http://purl.obolibrary.org/obo/ECTO_0000456,http://purl.obolibrary.org/obo/ZP_0000043,http://purl.obolibrary.org/obo/NCBITaxon_7955,EXP_27,Biobide,AC50,acute,4d
http://purl.obolibrary.org/obo/CHEBI_28119,http://purl.obolibrary.org/obo/ECTO_0000456,http://purl.obolibrary.org/obo/ZP_0005892,http://purl.obolibrary.org/obo/NCBITaxon_7955,EXP_28,Biobide,AC50,acute,4d
http://purl.obolibrary.org/obo/CHEBI_28119,http://purl.obolibrary.org/obo/ECTO_0000456,http://purl.obolibrary.org/obo/ZP_0012799,http://purl.obolibrary.org/obo/NCBITaxon_7955,EXP_29,Biobide,AC50,acute,4d
http://purl.obolibrary.org/obo/CHEBI_28119,http://purl.obolibrary.org/obo/ECTO_0000456,http://purl.obolibrary.org/obo/ZP_0002347,http://purl.obolibrary.org/obo/NCBITaxon_7955,EXP_30,Biobide,AC50,acute,4d
http://purl.obolibrary.org/obo/CHEBI_28119,http://purl.obolibrary.org/obo/ECTO_0000456,http://purl.obolibrary.org/obo/ZP_0010821,http://purl.obolibrary.org/obo/NCBITaxon_7955,EXP_31,Biobide,AC50,acute,4d
http://purl.obolibrary.org/obo/CHEBI_28119,http://purl.obolibrary.org/obo/ECTO_0000456,http://purl.obolibrary.org/obo/ZP_0002198,http://purl.obolibrary.org/obo/NCBITaxon_7955,EXP_32,Biobide,AC50,acute,4d
http://purl.obolibrary.org/obo/CHEBI_28119,http://purl.obolibrary.org/obo/ECTO_0000456,http://purl.obolibrary.org/obo/ZP_0003211,http://purl.obolibrary.org/obo/NCBITaxon_7955,EXP_33,Biobide,AC50,acute,4d
http://purl.obolibrary.org/obo/CHEBI_34631,http://purl.obolibrary.org/obo/ECTO_0001251,http://purl.obolibrary.org/obo/UBERON_0000071,http://purl.obolibrary.org/obo/NCBITaxon_7955,EXP_34,Biobide,AC50,acute,4d
http://purl.obolibrary.org/obo/CHEBI_34631,http://purl.obolibrary.org/obo/ECTO_0001251,http://purl.obolibrary.org/obo/ZP_0002314,http://purl.obolibrary.org/obo/NCBITaxon_7955,EXP_35,Biobide,AC50,acute,4d
http://purl.obolibrary.org/obo/CHEBI_34631,http://purl.obolibrary.org/obo/ECTO_0001251,http://purl.obolibrary.org/obo/ZP_0005892,http://purl.obolibrary.org/obo/NCBITaxon_7955,EXP_36,Biobide,AC50,acute,4d
http://purl.obolibrary.org/obo/CHEBI_34631,http://purl.obolibrary.org/obo/ECTO_0001251,http://purl.obolibrary.org/obo/ZP_0012799,http://purl.obolibrary.org/obo/NCBITaxon_7955,EXP_37,Biobide,AC50,acute,4d
http://purl.obolibrary.org/obo/CHEBI_34631,http://purl.obolibrary.org/obo/ECTO_0001251,http://purl.obolibrary.org/obo/ZP_0002347,http://purl.obolibrary.org/obo/NCBITaxon_7955,EXP_38,Biobide,AC50,acute,4d
http://purl.obolibrary.org/obo/CHEBI_34631,http://purl.obolibrary.org/obo/ECTO_0001251,http://purl.obolibrary.org/obo/ZP_0010821,http://purl.obolibrary.org/obo/NCBITaxon_7955,EXP_39,Biobide,AC50,acute,4d
http://purl.obolibrary.org/obo/CHEBI_34631,http://purl.obolibrary.org/obo/ECTO_0001251,http://purl.obolibrary.org/obo/ZP_0002198,http://purl.obolibrary.org/obo/NCBITaxon_7955,EXP_40,Biobide,AC50,acute,4d
http://purl.obolibrary.org/obo/CHEBI_49575,http://purl.obolibrary.org/obo/ECTO_0001346,http://purl.obolibrary.org/obo/UBERON_0000071,http://purl.obolibrary.org/obo/NCBITaxon_7955,EXP_41,Biobide,AC50,acute,4d
http://purl.obolibrary.org/obo/CHEBI_49575,http://purl.obolibrary.org/obo/ECTO_0001346,http://purl.obolibrary.org/obo/ZP_0002314,http://purl.obolibrary.org/obo/NCBITaxon_7955,EXP_42,Biobide,AC50,acute,4d
http://purl.obolibrary.org/obo/CHEBI_49575,http://purl.obolibrary.org/obo/ECTO_0001346,http://purl.obolibrary.org/obo/ZP_0000043,http://purl.obolibrary.org/obo/NCBITaxon_7955,EXP_43,Biobide,AC50,acute,4d
http://purl.obolibrary.org/obo/CHEBI_49575,http://purl.obolibrary.org/obo/ECTO_0001346,http://purl.obolibrary.org/obo/ZP_0005892,http://purl.obolibrary.org/obo/NCBITaxon_7955,EXP_44,Biobide,AC50,acute,4d
http://purl.obolibrary.org/obo/CHEBI_49575,http://purl.obolibrary.org/obo/ECTO_0001346,http://purl.obolibrary.org/obo/ZP_0012799,http://purl.obolibrary.org/obo/NCBITaxon_7955,EXP_45,Biobide,AC50,acute,4d
http://purl.obolibrary.org/obo/CHEBI_49575,http://purl.obolibrary.org/obo/ECTO_0001346,http://purl.obolibrary.org/obo/ZP_0002347,http://purl.obolibrary.org/obo/NCBITaxon_7955,EXP_46,Biobide,AC50,acute,4d
http://purl.obolibrary.org/obo/CHEBI_49575,http://purl.obolibrary.org/obo/ECTO_0001346,http://purl.obolibrary.org/obo/ZP_0004969,http://purl.obolibrary.org/obo/NCBITaxon_7955,EXP_47,Biobide,AC50,acute,4d
http://purl.obolibrary.org/obo/CHEBI_49575,http://purl.obolibrary.org/obo/ECTO_0001346,http://purl.obolibrary.org/obo/ZP_0010821,http://purl.obolibrary.org/obo/NCBITaxon_7955,EXP_48,Biobide,AC50,acute,4d
http://purl.obolibrary.org/obo/CHEBI_49575,http://purl.obolibrary.org/obo/ECTO_0001346,http://purl.obolibrary.org/obo/ZP_0002198,http://purl.obolibrary.org/obo/NCBITaxon_7955,EXP_49,Biobide,AC50,acute,4d
http://purl.obolibrary.org/obo/CHEBI_49575,http://purl.obolibrary.org/obo/ECTO_0001346,http://purl.obolibrary.org/obo/ZP_0003211,http://purl.obolibrary.org/obo/NCBITaxon_7955,EXP_50,Biobide,AC50,acute,4d
http://purl.obolibrary.org/obo/CHEBI_49575,http://purl.obolibrary.org/obo/ECTO_0001346,http://purl.obolibrary.org/obo/ZP_0000398,http://purl.obolibrary.org/obo/NCBITaxon_7955,EXP_51,Biobide,AC50,acute,4d
http://purl.obolibrary.org/obo/CHEBI_16130,http://purl.obolibrary.org/obo/ECTO_0000970,http://purl.obolibrary.org/obo/ZP_0009598,http://purl.obolibrary.org/obo/NCBITaxon_7955,EXP_52,Biobide,AC50,acute,4d
http://purl.obolibrary.org/obo/CHEBI_16130,http://purl.obolibrary.org/obo/ECTO_0000970,http://purl.obolibrary.org/obo/ZP_0002314,http://purl.obolibrary.org/obo/NCBITaxon_7955,EXP_53,Biobide,AC50,acute,4d
http://purl.obolibrary.org/obo/CHEBI_16130,http://purl.obolibrary.org/obo/ECTO_0000970,http://purl.obolibrary.org/obo/ZP_0005892,http://purl.obolibrary.org/obo/NCBITaxon_7955,EXP_54,Biobide,AC50,acute,4d
http://purl.obolibrary.org/obo/CHEBI_16130,http://purl.obolibrary.org/obo/ECTO_0000970,http://purl.obolibrary.org/obo/ZP_0002347,http://purl.obolibrary.org/obo/NCBITaxon_7955,EXP_55,Biobide,AC50,acute,4d
http://purl.obolibrary.org/obo/CHEBI_16130,http://purl.obolibrary.org/obo/ECTO_0000970,http://purl.obolibrary.org/obo/ZP_0010821,http://purl.obolibrary.org/obo/NCBITaxon_7955,EXP_56,Biobide,AC50,acute,4d
http://purl.obolibrary.org/obo/CHEBI_16130,http://purl.obolibrary.org/obo/ECTO_0000970,http://purl.obolibrary.org/obo/ZP_0002198,http://purl.obolibrary.org/obo/NCBITaxon_7955,EXP_57,Biobide,AC50,acute,4d
http://purl.obolibrary.org/obo/CHEBI_34911,http://purl.obolibrary.org/obo/ECTO_0001854,http://purl.obolibrary.org/obo/ZP_0009598,http://purl.obolibrary.org/obo/NCBITaxon_7955,EXP_58,Biobide,AC50,acute,4d
http://purl.obolibrary.org/obo/CHEBI_34911,http://purl.obolibrary.org/obo/ECTO_0001854,http://purl.obolibrary.org/obo/ZP_0002314,http://purl.obolibrary.org/obo/NCBITaxon_7955,EXP_59,Biobide,AC50,acute,4d
http://purl.obolibrary.org/obo/CHEBI_34911,http://purl.obolibrary.org/obo/ECTO_0001854,http://purl.obolibrary.org/obo/ZP_0005892,http://purl.obolibrary.org/obo/NCBITaxon_7955,EXP_60,Biobide,AC50,acute,4d
http://purl.obolibrary.org/obo/CHEBI_34911,http://purl.obolibrary.org/obo/ECTO_0001854,http://purl.obolibrary.org/obo/ZP_0012799,http://purl.obolibrary.org/obo/NCBITaxon_7955,EXP_61,Biobide,AC50,acute,4d
http://purl.obolibrary.org/obo/CHEBI_34911,http://purl.obolibrary.org/obo/ECTO_0001854,http://purl.obolibrary.org/obo/ZP_0002347,http://purl.obolibrary.org/obo/NCBITaxon_7955,EXP_62,Biobide,AC50,acute,4d
http://purl.obolibrary.org/obo/CHEBI_34911,http://purl.obolibrary.org/obo/ECTO_0001854,http://purl.obolibrary.org/obo/ZP_0002198,http://purl.obolibrary.org/obo/NCBITaxon_7955,EXP_63,Biobide,AC50,acute,4d
http://purl.obolibrary.org/obo/CHEBI_81584,http://purl.obolibrary.org/obo/ECTO_0001547,http://purl.obolibrary.org/obo/ZP_0002347,http://purl.obolibrary.org/obo/NCBITaxon_7955,EXP_64,Biobide,AC50,acute,4d
http://purl.obolibrary.org/obo/CHEBI_83279,http://purl.obolibrary.org/obo/ECTO_0001464,http://purl.obolibrary.org/obo/UBERON_0000071,http://purl.obolibrary.org/obo/NCBITaxon_7955,EXP_65,Biobide,AC50,acute,4d
http://purl.obolibrary.org/obo/CHEBI_83279,http://purl.obolibrary.org/obo/ECTO_0001464,http://purl.obolibrary.org/obo/ZP_0002314,http://purl.obolibrary.org/obo/NCBITaxon_7955,EXP_66,Biobide,AC50,acute,4d
http://purl.obolibrary.org/obo/CHEBI_83279,http://purl.obolibrary.org/obo/ECTO_0001464,http://purl.obolibrary.org/obo/ZP_0000043,http://purl.obolibrary.org/obo/NCBITaxon_7955,EXP_67,Biobide,AC50,acute,4d
http://purl.obolibrary.org/obo/CHEBI_83279,http://purl.obolibrary.org/obo/ECTO_0001464,http://purl.obolibrary.org/obo/ZP_0005892,http://purl.obolibrary.org/obo/NCBITaxon_7955,EXP_68,Biobide,AC50,acute,4d
http://purl.obolibrary.org/obo/CHEBI_83279,http://purl.obolibrary.org/obo/ECTO_0001464,http://purl.obolibrary.org/obo/ZP_0012799,http://purl.obolibrary.org/obo/NCBITaxon_7955,EXP_69,Biobide,AC50,acute,4d
http://purl.obolibrary.org/obo/CHEBI_83279,http://purl.obolibrary.org/obo/ECTO_0001464,http://purl.obolibrary.org/obo/ZP_0002347,http://purl.obolibrary.org/obo/NCBITaxon_7955,EXP_70,Biobide,AC50,acute,4d
http://purl.obolibrary.org/obo/CHEBI_83279,http://purl.obolibrary.org/obo/ECTO_0001464,http://purl.obolibrary.org/obo/ZP_0004969,http://purl.obolibrary.org/obo/NCBITaxon_7955,EXP_71,Biobide,AC50,acute,4d
http://purl.obolibrary.org/obo/CHEBI_83279,http://purl.obolibrary.org/obo/ECTO_0001464,http://purl.obolibrary.org/obo/ZP_0010821,http://purl.obolibrary.org/obo/NCBITaxon_7955,EXP_72,Biobide,AC50,acute,4d
http://purl.obolibrary.org/obo/CHEBI_83279,http://purl.obolibrary.org/obo/ECTO_0001464,http://purl.obolibrary.org/obo/ZP_0002198,http://purl.obolibrary.org/obo/NCBITaxon_7955,EXP_73,Biobide,AC50,acute,4d
http://purl.obolibrary.org/obo/CHEBI_27928,http://purl.obolibrary.org/obo/ECTO_0002222,http://purl.obolibrary.org/obo/UBERON_0000071,http://purl.obolibrary.org/obo/NCBITaxon_7955,EXP_74,Biobide,AC50,acute,4d
http://purl.obolibrary.org/obo/CHEBI_27928,http://purl.obolibrary.org/obo/ECTO_0002222,http://purl.obolibrary.org/obo/ZP_0002314,http://purl.obolibrary.org/obo/NCBITaxon_7955,EXP_75,Biobide,AC50,acute,4d
http://purl.obolibrary.org/obo/CHEBI_27928,http://purl.obolibrary.org/obo/ECTO_0002222,http://purl.obolibrary.org/obo/ZP_0000043,http://purl.obolibrary.org/obo/NCBITaxon_7955,EXP_76,Biobide,AC50,acute,4d
http://purl.obolibrary.org/obo/CHEBI_27928,http://purl.obolibrary.org/obo/ECTO_0002222,http://purl.obolibrary.org/obo/ZP_0005892,http://purl.obolibrary.org/obo/NCBITaxon_7955,EXP_77,Biobide,AC50,acute,4d
http://purl.obolibrary.org/obo/CHEBI_27928,http://purl.obolibrary.org/obo/ECTO_0002222,http://purl.obolibrary.org/obo/ZP_0012799,http://purl.obolibrary.org/obo/NCBITaxon_7955,EXP_78,Biobide,AC50,acute,4d
http://purl.obolibrary.org/obo/CHEBI_27928,http://purl.obolibrary.org/obo/ECTO_0002222,http://purl.obolibrary.org/obo/ZP_0002347,http://purl.obolibrary.org/obo/NCBITaxon_7955,EXP_79,Biobide,AC50,acute,4d
http://purl.obolibrary.org/obo/CHEBI_27928,http://purl.obolibrary.org/obo/ECTO_0002222,http://purl.obolibrary.org/obo/ZP_0010821,http://purl.obolibrary.org/obo/NCBITaxon_7955,EXP_80,Biobide,AC50,acute,4d
http://purl.obolibrary.org/obo/CHEBI_27928,http://purl.obolibrary.org/obo/ECTO_0002222,http://purl.obolibrary.org/obo/ZP_0002198,http://purl.obolibrary.org/obo/NCBITaxon_7955,EXP_81,Biobide,AC50,acute,4d
http://purl.obolibrary.org/obo/CHEBI_27928,http://purl.obolibrary.org/obo/ECTO_0002222,http://purl.obolibrary.org/obo/ZP_0003211,http://purl.obolibrary.org/obo/NCBITaxon_7955,EXP_82,Biobide,AC50,acute,4d
http://purl.obolibrary.org/obo/CHEBI_41922,http://purl.obolibrary.org/obo/ECTO_0002005,http://purl.obolibrary.org/obo/UBERON_0000071,http://purl.obolibrary.org/obo/NCBITaxon_7955,EXP_83,Biobide,AC50,acute,4d
http://purl.obolibrary.org/obo/CHEBI_41922,http://purl.obolibrary.org/obo/ECTO_0002005,http://purl.obolibrary.org/obo/ZP_0002314,http://purl.obolibrary.org/obo/NCBITaxon_7955,EXP_84,Biobide,AC50,acute,4d
http://purl.obolibrary.org/obo/CHEBI_41922,http://purl.obolibrary.org/obo/ECTO_0002005,http://purl.obolibrary.org/obo/ZP_0000043,http://purl.obolibrary.org/obo/NCBITaxon_7955,EXP_85,Biobide,AC50,acute,4d
http://purl.obolibrary.org/obo/CHEBI_41922,http://purl.obolibrary.org/obo/ECTO_0002005,http://purl.obolibrary.org/obo/ZP_0005892,http://purl.obolibrary.org/obo/NCBITaxon_7955,EXP_86,Biobide,AC50,acute,4d
http://purl.obolibrary.org/obo/CHEBI_41922,http://purl.obolibrary.org/obo/ECTO_0002005,http://purl.obolibrary.org/obo/ZP_0012799,http://purl.obolibrary.org/obo/NCBITaxon_7955,EXP_87,Biobide,AC50,acute,4d
http://purl.obolibrary.org/obo/CHEBI_41922,http://purl.obolibrary.org/obo/ECTO_0002005,http://purl.obolibrary.org/obo/ZP_0002347,http://purl.obolibrary.org/obo/NCBITaxon_7955,EXP_88,Biobide,AC50,acute,4d
http://purl.obolibrary.org/obo/CHEBI_41922,http://purl.obolibrary.org/obo/ECTO_0002005,http://purl.obolibrary.org/obo/ZP_0010821,http://purl.obolibrary.org/obo/NCBITaxon_7955,EXP_89,Biobide,AC50,acute,4d
http://purl.obolibrary.org/obo/CHEBI_41922,http://purl.obolibrary.org/obo/ECTO_0002005,http://purl.obolibrary.org/obo/ZP_0002198,http://purl.obolibrary.org/obo/NCBITaxon_7955,EXP_90,Biobide,AC50,acute,4d
http://purl.obolibrary.org/obo/CHEBI_41922,http://purl.obolibrary.org/obo/ECTO_0002005,http://purl.obolibrary.org/obo/ZP_0003211,http://purl.obolibrary.org/obo/NCBITaxon_7955,EXP_91,Biobide,AC50,acute,4d
http://purl.obolibrary.org/obo/CHEBI_41922,http://purl.obolibrary.org/obo/ECTO_0002005,http://purl.obolibrary.org/obo/ZP_0000398,http://purl.obolibrary.org/obo/NCBITaxon_7955,EXP_92,Biobide,AC50,acute,4d
http://purl.obolibrary.org/obo/CHEBI_32888,http://purl.obolibrary.org/obo/ECTO_0001219,http://purl.obolibrary.org/obo/UBERON_0000071,http://purl.obolibrary.org/obo/NCBITaxon_7955,EXP_93,Biobide,AC50,acute,4d
http://purl.obolibrary.org/obo/CHEBI_32888,http://purl.obolibrary.org/obo/ECTO_0001219,http://purl.obolibrary.org/obo/ZP_0002314,http://purl.obolibrary.org/obo/NCBITaxon_7955,EXP_94,Biobide,AC50,acute,4d
http://purl.obolibrary.org/obo/CHEBI_32888,http://purl.obolibrary.org/obo/ECTO_0001219,http://purl.obolibrary.org/obo/ZP_0000043,http://purl.obolibrary.org/obo/NCBITaxon_7955,EXP_95,Biobide,AC50,acute,4d
http://purl.obolibrary.org/obo/CHEBI_32888,http://purl.obolibrary.org/obo/ECTO_0001219,http://purl.obolibrary.org/obo/ZP_0005892,http://purl.obolibrary.org/obo/NCBITaxon_7955,EXP_96,Biobide,AC50,acute,4d
http://purl.obolibrary.org/obo/CHEBI_32888,http://purl.obolibrary.org/obo/ECTO_0001219,http://purl.obolibrary.org/obo/ZP_0012799,http://purl.obolibrary.org/obo/NCBITaxon_7955,EXP_97,Biobide,AC50,acute,4d
http://purl.obolibrary.org/obo/CHEBI_32888,http://purl.obolibrary.org/obo/ECTO_0001219,http://purl.obolibrary.org/obo/ZP_0002347,http://purl.obolibrary.org/obo/NCBITaxon_7955,EXP_98,Biobide,AC50,acute,4d
http://purl.obolibrary.org/obo/CHEBI_32888,http://purl.obolibrary.org/obo/ECTO_0001219,http://purl.obolibrary.org/obo/ZP_0010821,http://purl.obolibrary.org/obo/NCBITaxon_7955,EXP_99,Biobide,AC50,acute,4d
http://purl.obolibrary.org/obo/CHEBI_32888,http://purl.obolibrary.org/obo/ECTO_0001219,http://purl.obolibrary.org/obo/ZP_0002198,http://purl.obolibrary.org/obo/NCBITaxon_7955,EXP_100,Biobide,AC50,acute,4d
http://purl.obolibrary.org/obo/CHEBI_32888,http://purl.obolibrary.org/obo/ECTO_0001219,http://purl.obolibrary.org/obo/ZP_0003211,http://purl.obolibrary.org/obo/NCBITaxon_7955,EXP_101,Biobide,AC50,acute,4d
http://purl.obolibrary.org/obo/CHEBI_34696,http://purl.obolibrary.org/obo/ECTO_0002131,http://purl.obolibrary.org/obo/ZP_0009598,http://purl.obolibrary.org/obo/NCBITaxon_7955,EXP_102,Biobide,AC50,acute,4d
http://purl.obolibrary.org/obo/CHEBI_34696,http://purl.obolibrary.org/obo/ECTO_0002131,http://purl.obolibrary.org/obo/ZP_0002314,http://purl.obolibrary.org/obo/NCBITaxon_7955,EXP_103,Biobide,AC50,acute,4d
http://purl.obolibrary.org/obo/CHEBI_34696,http://purl.obolibrary.org/obo/ECTO_0002131,http://purl.obolibrary.org/obo/ZP_0000043,http://purl.obolibrary.org/obo/NCBITaxon_7955,EXP_104,Biobide,AC50,acute,4d
http://purl.obolibrary.org/obo/CHEBI_34696,http://purl.obolibrary.org/obo/ECTO_0002131,http://purl.obolibrary.org/obo/ZP_0005892,http://purl.obolibrary.org/obo/NCBITaxon_7955,EXP_105,Biobide,AC50,acute,4d
http://purl.obolibrary.org/obo/CHEBI_34696,http://purl.obolibrary.org/obo/ECTO_0002131,http://purl.obolibrary.org/obo/ZP_0010821,http://purl.obolibrary.org/obo/NCBITaxon_7955,EXP_106,Biobide,AC50,acute,4d
http://purl.obolibrary.org/obo/CHEBI_34696,http://purl.obolibrary.org/obo/ECTO_0002131,http://purl.obolibrary.org/obo/ZP_0002198,http://purl.obolibrary.org/obo/NCBITaxon_7955,EXP_107,Biobide,AC50,acute,4d
http://purl.obolibrary.org/obo/CHEBI_3390,http://purl.obolibrary.org/obo/ECTO_0001647,http://purl.obolibrary.org/obo/ZP_0002314,http://purl.obolibrary.org/obo/NCBITaxon_7955,EXP_108,Biobide,AC50,acute,4d
http://purl.obolibrary.org/obo/CHEBI_3390,http://purl.obolibrary.org/obo/ECTO_0001647,http://purl.obolibrary.org/obo/ZP_0000043,http://purl.obolibrary.org/obo/NCBITaxon_7955,EXP_109,Biobide,AC50,acute,4d
http://purl.obolibrary.org/obo/CHEBI_3390,http://purl.obolibrary.org/obo/ECTO_0001647,http://purl.obolibrary.org/obo/ZP_0005892,http://purl.obolibrary.org/obo/NCBITaxon_7955,EXP_110,Biobide,AC50,acute,4d
http://purl.obolibrary.org/obo/CHEBI_3390,http://purl.obolibrary.org/obo/ECTO_0001647,http://purl.obolibrary.org/obo/ZP_0012799,http://purl.obolibrary.org/obo/NCBITaxon_7955,EXP_111,Biobide,AC50,acute,4d
http://purl.obolibrary.org/obo/CHEBI_3390,http://purl.obolibrary.org/obo/ECTO_0001647,http://purl.obolibrary.org/obo/ZP_0012799,http://purl.obolibrary.org/obo/NCBITaxon_7955,EXP_112,Biobide,AC50,acute,4d
http://purl.obolibrary.org/obo/CHEBI_3390,http://purl.obolibrary.org/obo/ECTO_0001647,http://purl.obolibrary.org/obo/ZP_0002347,http://purl.obolibrary.org/obo/NCBITaxon_7955,EXP_113,Biobide,AC50,acute,4d
http://purl.obolibrary.org/obo/CHEBI_3390,http://purl.obolibrary.org/obo/ECTO_0001647,http://purl.obolibrary.org/obo/ZP_0002198,http://purl.obolibrary.org/obo/NCBITaxon_7955,EXP_114,Biobide,AC50,acute,4d
http://purl.obolibrary.org/obo/CHEBI_5693,http://purl.obolibrary.org/obo/ECTO_0001768,http://purl.obolibrary.org/obo/UBERON_0000071,http://purl.obolibrary.org/obo/NCBITaxon_7955,EXP_115,Biobide,AC50,acute,4d
http://purl.obolibrary.org/obo/CHEBI_5693,http://purl.obolibrary.org/obo/ECTO_0001768,http://purl.obolibrary.org/obo/ZP_0002314,http://purl.obolibrary.org/obo/NCBITaxon_7955,EXP_116,Biobide,AC50,acute,4d
http://purl.obolibrary.org/obo/CHEBI_5693,http://purl.obolibrary.org/obo/ECTO_0001768,http://purl.obolibrary.org/obo/ZP_0005892,http://purl.obolibrary.org/obo/NCBITaxon_7955,EXP_117,Biobide,AC50,acute,4d
http://purl.obolibrary.org/obo/CHEBI_5693,http://purl.obolibrary.org/obo/ECTO_0001768,http://purl.obolibrary.org/obo/ZP_0012799,http://purl.obolibrary.org/obo/NCBITaxon_7955,EXP_118,Biobide,AC50,acute,4d
http://purl.obolibrary.org/obo/CHEBI_5693,http://purl.obolibrary.org/obo/ECTO_0001768,http://purl.obolibrary.org/obo/ZP_0002347,http://purl.obolibrary.org/obo/NCBITaxon_7955,EXP_119,Biobide,AC50,acute,4d
http://purl.obolibrary.org/obo/CHEBI_5693,http://purl.obolibrary.org/obo/ECTO_0001768,http://purl.obolibrary.org/obo/ZP_0004969,http://purl.obolibrary.org/obo/NCBITaxon_7955,EXP_120,Biobide,AC50,acute,4d
http://purl.obolibrary.org/obo/CHEBI_5693,http://purl.obolibrary.org/obo/ECTO_0001768,http://purl.obolibrary.org/obo/ZP_0010821,http://purl.obolibrary.org/obo/NCBITaxon_7955,EXP_121,Biobide,AC50,acute,4d
http://purl.obolibrary.org/obo/CHEBI_5693,http://purl.obolibrary.org/obo/ECTO_0001768,http://purl.obolibrary.org/obo/ZP_0002198,http://purl.obolibrary.org/obo/NCBITaxon_7955,EXP_122,Biobide,AC50,acute,4d
http://purl.obolibrary.org/obo/CHEBI_5693,http://purl.obolibrary.org/obo/ECTO_0001768,http://purl.obolibrary.org/obo/ZP_0003211,http://purl.obolibrary.org/obo/NCBITaxon_7955,EXP_123,Biobide,AC50,acute,4d
http://purl.obolibrary.org/obo/CHEBI_34785,http://purl.obolibrary.org/obo/ECTO_0001258,http://purl.obolibrary.org/obo/UBERON_0000071,http://purl.obolibrary.org/obo/NCBITaxon_7955,EXP_124,Biobide,AC50,acute,4d
http://purl.obolibrary.org/obo/CHEBI_34785,http://purl.obolibrary.org/obo/ECTO_0001258,http://purl.obolibrary.org/obo/ZP_0002314,http://purl.obolibrary.org/obo/NCBITaxon_7955,EXP_125,Biobide,AC50,acute,4d
http://purl.obolibrary.org/obo/CHEBI_34785,http://purl.obolibrary.org/obo/ECTO_0001258,http://purl.obolibrary.org/obo/ZP_0005892,http://purl.obolibrary.org/obo/NCBITaxon_7955,EXP_126,Biobide,AC50,acute,4d
http://purl.obolibrary.org/obo/CHEBI_34785,http://purl.obolibrary.org/obo/ECTO_0001258,http://purl.obolibrary.org/obo/ZP_0002347,http://purl.obolibrary.org/obo/NCBITaxon_7955,EXP_127,Biobide,AC50,acute,4d
http://purl.obolibrary.org/obo/CHEBI_34785,http://purl.obolibrary.org/obo/ECTO_0001258,http://purl.obolibrary.org/obo/ZP_0010821,http://purl.obolibrary.org/obo/NCBITaxon_7955,EXP_128,Biobide,AC50,acute,4d
http://purl.obolibrary.org/obo/CHEBI_34785,http://purl.obolibrary.org/obo/ECTO_0001258,http://purl.obolibrary.org/obo/ZP_0002198,http://purl.obolibrary.org/obo/NCBITaxon_7955,EXP_129,Biobide,AC50,acute,4d
http://purl.obolibrary.org/obo/CHEBI_33217,http://purl.obolibrary.org/obo/ECTO_0001901,http://purl.obolibrary.org/obo/UBERON_0000071,http://purl.obolibrary.org/obo/NCBITaxon_7955,EXP_130,Biobide,AC50,acute,4d
http://purl.obolibrary.org/obo/CHEBI_33217,http://purl.obolibrary.org/obo/ECTO_0001901,http://purl.obolibrary.org/obo/ZP_0002314,http://purl.obolibrary.org/obo/NCBITaxon_7955,EXP_131,Biobide,AC50,acute,4d
http://purl.obolibrary.org/obo/CHEBI_33217,http://purl.obolibrary.org/obo/ECTO_0001901,http://purl.obolibrary.org/obo/ZP_0000043,http://purl.obolibrary.org/obo/NCBITaxon_7955,EXP_132,Biobide,AC50,acute,4d
http://purl.obolibrary.org/obo/CHEBI_33217,http://purl.obolibrary.org/obo/ECTO_0001901,http://purl.obolibrary.org/obo/ZP_0005892,http://purl.obolibrary.org/obo/NCBITaxon_7955,EXP_133,Biobide,AC50,acute,4d
http://purl.obolibrary.org/obo/CHEBI_33217,http://purl.obolibrary.org/obo/ECTO_0001901,http://purl.obolibrary.org/obo/ZP_0012799,http://purl.obolibrary.org/obo/NCBITaxon_7955,EXP_134,Biobide,AC50,acute,4d
http://purl.obolibrary.org/obo/CHEBI_33217,http://purl.obolibrary.org/obo/ECTO_0001901,http://purl.obolibrary.org/obo/ZP_0002347,http://purl.obolibrary.org/obo/NCBITaxon_7955,EXP_135,Biobide,AC50,acute,4d
http://purl.obolibrary.org/obo/CHEBI_33217,http://purl.obolibrary.org/obo/ECTO_0001901,http://purl.obolibrary.org/obo/ZP_0010821,http://purl.obolibrary.org/obo/NCBITaxon_7955,EXP_136,Biobide,AC50,acute,4d
http://purl.obolibrary.org/obo/CHEBI_33217,http://purl.obolibrary.org/obo/ECTO_0001901,http://purl.obolibrary.org/obo/ZP_0002198,http://purl.obolibrary.org/obo/NCBITaxon_7955,EXP_137,Biobide,AC50,acute,4d
http://purl.obolibrary.org/obo/CHEBI_33217,http://purl.obolibrary.org/obo/ECTO_0001901,http://purl.obolibrary.org/obo/ZP_0000398,http://purl.obolibrary.org/obo/NCBITaxon_7955,EXP_138,Biobide,AC50,acute,4d
http://purl.obolibrary.org/obo/CHEBI_33216,http://purl.obolibrary.org/obo/ECTO_0000414,http://purl.obolibrary.org/obo/UBERON_0000071,http://purl.obolibrary.org/obo/NCBITaxon_7955,EXP_139,Biobide,AC50,acute,4d
http://purl.obolibrary.org/obo/CHEBI_33216,http://purl.obolibrary.org/obo/ECTO_0000414,http://purl.obolibrary.org/obo/ZP_0002314,http://purl.obolibrary.org/obo/NCBITaxon_7955,EXP_140,Biobide,AC50,acute,4d
http://purl.obolibrary.org/obo/CHEBI_33216,http://purl.obolibrary.org/obo/ECTO_0000414,http://purl.obolibrary.org/obo/ZP_0000043,http://purl.obolibrary.org/obo/NCBITaxon_7955,EXP_141,Biobide,AC50,acute,4d
http://purl.obolibrary.org/obo/CHEBI_33216,http://purl.obolibrary.org/obo/ECTO_0000414,http://purl.obolibrary.org/obo/ZP_0005892,http://purl.obolibrary.org/obo/NCBITaxon_7955,EXP_142,Biobide,AC50,acute,4d
http://purl.obolibrary.org/obo/CHEBI_33216,http://purl.obolibrary.org/obo/ECTO_0000414,http://purl.obolibrary.org/obo/ZP_0004969,http://purl.obolibrary.org/obo/NCBITaxon_7955,EXP_143,Biobide,AC50,acute,4d
http://purl.obolibrary.org/obo/CHEBI_33216,http://purl.obolibrary.org/obo/ECTO_0000414,http://purl.obolibrary.org/obo/ZP_0010821,http://purl.obolibrary.org/obo/NCBITaxon_7955,EXP_144,Biobide,AC50,acute,4d
http://purl.obolibrary.org/obo/CHEBI_33216,http://purl.obolibrary.org/obo/ECTO_0000414,http://purl.obolibrary.org/obo/ZP_0003211,http://purl.obolibrary.org/obo/NCBITaxon_7955,EXP_145,Biobide,AC50,acute,4d
http://purl.obolibrary.org/obo/CHEBI_28201,http://purl.obolibrary.org/obo/ECTO_0000468,http://purl.obolibrary.org/obo/UBERON_0000071,http://purl.obolibrary.org/obo/NCBITaxon_7955,EXP_146,Biobide,AC50,acute,4d
http://purl.obolibrary.org/obo/CHEBI_28201,http://purl.obolibrary.org/obo/ECTO_0000468,http://purl.obolibrary.org/obo/ZP_0002314,http://purl.obolibrary.org/obo/NCBITaxon_7955,EXP_147,Biobide,AC50,acute,4d
http://purl.obolibrary.org/obo/CHEBI_28201,http://purl.obolibrary.org/obo/ECTO_0000468,http://purl.obolibrary.org/obo/ZP_0000043,http://purl.obolibrary.org/obo/NCBITaxon_7955,EXP_148,Biobide,AC50,acute,4d
http://purl.obolibrary.org/obo/CHEBI_28201,http://purl.obolibrary.org/obo/ECTO_0000468,http://purl.obolibrary.org/obo/ZP_0005892,http://purl.obolibrary.org/obo/NCBITaxon_7955,EXP_149,Biobide,AC50,acute,4d
http://purl.obolibrary.org/obo/CHEBI_28201,http://purl.obolibrary.org/obo/ECTO_0000468,http://purl.obolibrary.org/obo/ZP_0002347,http://purl.obolibrary.org/obo/NCBITaxon_7955,EXP_150,Biobide,AC50,acute,4d
http://purl.obolibrary.org/obo/CHEBI_28201,http://purl.obolibrary.org/obo/ECTO_0000468,http://purl.obolibrary.org/obo/ZP_0004969,http://purl.obolibrary.org/obo/NCBITaxon_7955,EXP_151,Biobide,AC50,acute,4d
http://purl.obolibrary.org/obo/CHEBI_28201,http://purl.obolibrary.org/obo/ECTO_0000468,http://purl.obolibrary.org/obo/ZP_0010821,http://purl.obolibrary.org/obo/NCBITaxon_7955,EXP_152,Biobide,AC50,acute,4d
http://purl.obolibrary.org/obo/CHEBI_28201,http://purl.obolibrary.org/obo/ECTO_0000468,http://purl.obolibrary.org/obo/ZP_0002198,http://purl.obolibrary.org/obo/NCBITaxon_7955,EXP_153,Biobide,AC50,acute,4d
http://purl.obolibrary.org/obo/CHEBI_28201,http://purl.obolibrary.org/obo/ECTO_0000468,http://purl.obolibrary.org/obo/ZP_0003211,http://purl.obolibrary.org/obo/NCBITaxon_7955,EXP_154,Biobide,AC50,acute,4d
http://purl.obolibrary.org/obo/CHEBI_28201,http://purl.obolibrary.org/obo/ECTO_0000468,http://purl.obolibrary.org/obo/ZP_0000398,http://purl.obolibrary.org/obo/NCBITaxon_7955,EXP_155,Biobide,AC50,acute,4d
http://purl.obolibrary.org/obo/CHEBI_28851,http://purl.obolibrary.org/obo/ECTO_0001197,http://purl.obolibrary.org/obo/UBERON_0000071,http://purl.obolibrary.org/obo/NCBITaxon_7955,EXP_156,Biobide,AC50,acute,4d
http://purl.obolibrary.org/obo/CHEBI_28851,http://purl.obolibrary.org/obo/ECTO_0001197,http://purl.obolibrary.org/obo/ZP_0002314,http://purl.obolibrary.org/obo/NCBITaxon_7955,EXP_157,Biobide,AC50,acute,4d
http://purl.obolibrary.org/obo/CHEBI_28851,http://purl.obolibrary.org/obo/ECTO_0001197,http://purl.obolibrary.org/obo/ZP_0000043,http://purl.obolibrary.org/obo/NCBITaxon_7955,EXP_158,Biobide,AC50,acute,4d
http://purl.obolibrary.org/obo/CHEBI_28851,http://purl.obolibrary.org/obo/ECTO_0001197,http://purl.obolibrary.org/obo/ZP_0005892,http://purl.obolibrary.org/obo/NCBITaxon_7955,EXP_159,Biobide,AC50,acute,4d
http://purl.obolibrary.org/obo/CHEBI_28851,http://purl.obolibrary.org/obo/ECTO_0001197,http://purl.obolibrary.org/obo/ZP_0012799,http://purl.obolibrary.org/obo/NCBITaxon_7955,EXP_160,Biobide,AC50,acute,4d
http://purl.obolibrary.org/obo/CHEBI_28851,http://purl.obolibrary.org/obo/ECTO_0001197,http://purl.obolibrary.org/obo/ZP_0012799,http://purl.obolibrary.org/obo/NCBITaxon_7955,EXP_161,Biobide,AC50,acute,4d
http://purl.obolibrary.org/obo/CHEBI_28851,http://purl.obolibrary.org/obo/ECTO_0001197,http://purl.obolibrary.org/obo/ZP_0002347,http://purl.obolibrary.org/obo/NCBITaxon_7955,EXP_162,Biobide,AC50,acute,4d
http://purl.obolibrary.org/obo/CHEBI_28851,http://purl.obolibrary.org/obo/ECTO_0001197,http://purl.obolibrary.org/obo/ZP_0010821,http://purl.obolibrary.org/obo/NCBITaxon_7955,EXP_163,Biobide,AC50,acute,4d
http://purl.obolibrary.org/obo/CHEBI_28851,http://purl.obolibrary.org/obo/ECTO_0001197,http://purl.obolibrary.org/obo/ZP_0002198,http://purl.obolibrary.org/obo/NCBITaxon_7955,EXP_164,Biobide,AC50,acute,4d
http://purl.obolibrary.org/obo/CHEBI_28851,http://purl.obolibrary.org/obo/ECTO_0001197,http://purl.obolibrary.org/obo/ZP_0000011,http://purl.obolibrary.org/obo/NCBITaxon_7955,EXP_165,Biobide,AC50,acute,4d
http://purl.obolibrary.org/obo/CHEBI_28266,http://purl.obolibrary.org/obo/ECTO_0001532,http://purl.obolibrary.org/obo/ZP_0002314,http://purl.obolibrary.org/obo/NCBITaxon_7955,EXP_166,Biobide,AC50,acute,4d
http://purl.obolibrary.org/obo/CHEBI_28266,http://purl.obolibrary.org/obo/ECTO_0001532,http://purl.obolibrary.org/obo/ZP_0000043,http://purl.obolibrary.org/obo/NCBITaxon_7955,EXP_167,Biobide,AC50,acute,4d
http://purl.obolibrary.org/obo/CHEBI_28266,http://purl.obolibrary.org/obo/ECTO_0001532,http://purl.obolibrary.org/obo/ZP_0005892,http://purl.obolibrary.org/obo/NCBITaxon_7955,EXP_168,Biobide,AC50,acute,4d
http://purl.obolibrary.org/obo/CHEBI_28266,http://purl.obolibrary.org/obo/ECTO_0001532,http://purl.obolibrary.org/obo/ZP_0002347,http://purl.obolibrary.org/obo/NCBITaxon_7955,EXP_169,Biobide,AC50,acute,4d
http://purl.obolibrary.org/obo/CHEBI_28266,http://purl.obolibrary.org/obo/ECTO_0001532,http://purl.obolibrary.org/obo/ZP_0010821,http://purl.obolibrary.org/obo/NCBITaxon_7955,EXP_170,Biobide,AC50,acute,4d
http://purl.obolibrary.org/obo/CHEBI_28266,http://purl.obolibrary.org/obo/ECTO_0001532,http://purl.obolibrary.org/obo/ZP_0002198,http://purl.obolibrary.org/obo/NCBITaxon_7955,EXP_171,Biobide,AC50,acute,4d
http://purl.obolibrary.org/obo/CHEBI_4659,http://purl.obolibrary.org/obo/ECTO_0002139,http://purl.obolibrary.org/obo/UBERON_0000071,http://purl.obolibrary.org/obo/NCBITaxon_7955,EXP_172,Biobide,AC50,acute,4d
http://purl.obolibrary.org/obo/CHEBI_4659,http://purl.obolibrary.org/obo/ECTO_0002139,http://purl.obolibrary.org/obo/ZP_0002314,http://purl.obolibrary.org/obo/NCBITaxon_7955,EXP_173,Biobide,AC50,acute,4d
http://purl.obolibrary.org/obo/CHEBI_4659,http://purl.obolibrary.org/obo/ECTO_0002139,http://purl.obolibrary.org/obo/ZP_0000043,http://purl.obolibrary.org/obo/NCBITaxon_7955,EXP_174,Biobide,AC50,acute,4d
http://purl.obolibrary.org/obo/CHEBI_4659,http://purl.obolibrary.org/obo/ECTO_0002139,http://purl.obolibrary.org/obo/ZP_0005892,http://purl.obolibrary.org/obo/NCBITaxon_7955,EXP_175,Biobide,AC50,acute,4d
http://purl.obolibrary.org/obo/CHEBI_4659,http://purl.obolibrary.org/obo/ECTO_0002139,http://purl.obolibrary.org/obo/ZP_0012799,http://purl.obolibrary.org/obo/NCBITaxon_7955,EXP_176,Biobide,AC50,acute,4d
http://purl.obolibrary.org/obo/CHEBI_4659,http://purl.obolibrary.org/obo/ECTO_0002139,http://purl.obolibrary.org/obo/ZP_0002347,http://purl.obolibrary.org/obo/NCBITaxon_7955,EXP_177,Biobide,AC50,acute,4d
http://purl.obolibrary.org/obo/CHEBI_4659,http://purl.obolibrary.org/obo/ECTO_0002139,http://purl.obolibrary.org/obo/ZP_0000624,http://purl.obolibrary.org/obo/NCBITaxon_7955,EXP_178,Biobide,AC50,acute,4d
http://purl.obolibrary.org/obo/CHEBI_4659,http://purl.obolibrary.org/obo/ECTO_0002139,http://purl.obolibrary.org/obo/ZP_0002198,http://purl.obolibrary.org/obo/NCBITaxon_7955,EXP_179,Biobide,AC50,acute,4d
http://purl.obolibrary.org/obo/CHEBI_4659,http://purl.obolibrary.org/obo/ECTO_0002139,http://purl.obolibrary.org/obo/ZP_0003211,http://purl.obolibrary.org/obo/NCBITaxon_7955,EXP_180,Biobide,AC50,acute,4d
http://purl.obolibrary.org/obo/CHEBI_4659,http://purl.obolibrary.org/obo/ECTO_0002139,http://purl.obolibrary.org/obo/ZP_0000398,http://purl.obolibrary.org/obo/NCBITaxon_7955,EXP_181,Biobide,AC50,acute,4d
http://purl.obolibrary.org/obo/CHEBI_35033,http://purl.obolibrary.org/obo/ECTO_0002271,http://purl.obolibrary.org/obo/UBERON_0000071,http://purl.obolibrary.org/obo/NCBITaxon_7955,EXP_182,Lein,AC50,acute,5d
http://purl.obolibrary.org/obo/CHEBI_35033,http://purl.obolibrary.org/obo/ECTO_0002271,http://purl.obolibrary.org/obo/ZP_0000102,http://purl.obolibrary.org/obo/NCBITaxon_7955,EXP_183,Lein,AC50,acute,5d
http://purl.obolibrary.org/obo/CHEBI_35033,http://purl.obolibrary.org/obo/ECTO_0002271,http://purl.obolibrary.org/obo/ZP_0001241,http://purl.obolibrary.org/obo/NCBITaxon_7955,EXP_184,Lein,AC50,acute,5d
http://purl.obolibrary.org/obo/CHEBI_35033,http://purl.obolibrary.org/obo/ECTO_0002271,http://purl.obolibrary.org/obo/ZP_0005012,http://purl.obolibrary.org/obo/NCBITaxon_7955,EXP_185,Lein,AC50,acute,5d
http://purl.obolibrary.org/obo/CHEBI_28119,http://purl.obolibrary.org/obo/ECTO_0000456,http://purl.obolibrary.org/obo/UBERON_0000071,http://purl.obolibrary.org/obo/NCBITaxon_7955,EXP_186,Lein,AC50,acute,5d
http://purl.obolibrary.org/obo/CHEBI_28119,http://purl.obolibrary.org/obo/ECTO_0000456,http://purl.obolibrary.org/obo/ZP_0000102,http://purl.obolibrary.org/obo/NCBITaxon_7955,EXP_187,Lein,AC50,acute,5d
http://purl.obolibrary.org/obo/CHEBI_28119,http://purl.obolibrary.org/obo/ECTO_0000456,http://purl.obolibrary.org/obo/ZP_0001241,http://purl.obolibrary.org/obo/NCBITaxon_7955,EXP_188,Lein,AC50,acute,5d
http://purl.obolibrary.org/obo/CHEBI_28119,http://purl.obolibrary.org/obo/ECTO_0000456,http://purl.obolibrary.org/obo/ZP_0005012,http://purl.obolibrary.org/obo/NCBITaxon_7955,EXP_189,Lein,AC50,acute,5d
http://purl.obolibrary.org/obo/CHEBI_49575,http://purl.obolibrary.org/obo/ECTO_0001346,http://purl.obolibrary.org/obo/ZP_0000102,http://purl.obolibrary.org/obo/NCBITaxon_7955,EXP_190,Lein,AC50,acute,5d
http://purl.obolibrary.org/obo/CHEBI_49575,http://purl.obolibrary.org/obo/ECTO_0001346,http://purl.obolibrary.org/obo/ZP_0001241,http://purl.obolibrary.org/obo/NCBITaxon_7955,EXP_191,Lein,AC50,acute,5d
http://purl.obolibrary.org/obo/CHEBI_49575,http://purl.obolibrary.org/obo/ECTO_0001346,http://purl.obolibrary.org/obo/ZP_0005012,http://purl.obolibrary.org/obo/NCBITaxon_7955,EXP_192,Lein,AC50,acute,5d
http://purl.obolibrary.org/obo/CHEBI_16130,http://purl.obolibrary.org/obo/ECTO_0000970,http://purl.obolibrary.org/obo/ZP_0005012,http://purl.obolibrary.org/obo/NCBITaxon_7955,EXP_193,Lein,AC50,acute,5d
http://purl.obolibrary.org/obo/CHEBI_34911,http://purl.obolibrary.org/obo/ECTO_0001854,http://purl.obolibrary.org/obo/ZP_0005012,http://purl.obolibrary.org/obo/NCBITaxon_7955,EXP_194,Lein,AC50,acute,5d
http://purl.obolibrary.org/obo/CHEBI_81584,http://purl.obolibrary.org/obo/ECTO_0001547,http://purl.obolibrary.org/obo/ZP_0005012,http://purl.obolibrary.org/obo/NCBITaxon_7955,EXP_195,Lein,AC50,acute,5d
http://purl.obolibrary.org/obo/CHEBI_83279,http://purl.obolibrary.org/obo/ECTO_0001464,http://purl.obolibrary.org/obo/UBERON_0000071,http://purl.obolibrary.org/obo/NCBITaxon_7955,EXP_196,Lein,AC50,acute,5d
http://purl.obolibrary.org/obo/CHEBI_83279,http://purl.obolibrary.org/obo/ECTO_0001464,http://purl.obolibrary.org/obo/ZP_0000102,http://purl.obolibrary.org/obo/NCBITaxon_7955,EXP_197,Lein,AC50,acute,5d
http://purl.obolibrary.org/obo/CHEBI_83279,http://purl.obolibrary.org/obo/ECTO_0001464,http://purl.obolibrary.org/obo/ZP_0001241,http://purl.obolibrary.org/obo/NCBITaxon_7955,EXP_198,Lein,AC50,acute,5d
http://purl.obolibrary.org/obo/CHEBI_41922,http://purl.obolibrary.org/obo/ECTO_0002005,http://purl.obolibrary.org/obo/UBERON_0000071,http://purl.obolibrary.org/obo/NCBITaxon_7955,EXP_199,Lein,AC50,acute,5d
http://purl.obolibrary.org/obo/CHEBI_41922,http://purl.obolibrary.org/obo/ECTO_0002005,http://purl.obolibrary.org/obo/ZP_0000102,http://purl.obolibrary.org/obo/NCBITaxon_7955,EXP_200,Lein,AC50,acute,5d
http://purl.obolibrary.org/obo/CHEBI_41922,http://purl.obolibrary.org/obo/ECTO_0002005,http://purl.obolibrary.org/obo/ZP_0001241,http://purl.obolibrary.org/obo/NCBITaxon_7955,EXP_201,Lein,AC50,acute,5d
http://purl.obolibrary.org/obo/CHEBI_41922,http://purl.obolibrary.org/obo/ECTO_0002005,http://purl.obolibrary.org/obo/ZP_0005012,http://purl.obolibrary.org/obo/NCBITaxon_7955,EXP_202,Lein,AC50,acute,5d
http://purl.obolibrary.org/obo/CHEBI_5693,http://purl.obolibrary.org/obo/ECTO_0001768,http://purl.obolibrary.org/obo/UBERON_0000071,http://purl.obolibrary.org/obo/NCBITaxon_7955,EXP_203,Lein,AC50,acute,5d
http://purl.obolibrary.org/obo/CHEBI_5693,http://purl.obolibrary.org/obo/ECTO_0001768,http://purl.obolibrary.org/obo/ZP_0000102,http://purl.obolibrary.org/obo/NCBITaxon_7955,EXP_204,Lein,AC50,acute,5d
http://purl.obolibrary.org/obo/CHEBI_5693,http://purl.obolibrary.org/obo/ECTO_0001768,http://purl.obolibrary.org/obo/ZP_0001241,http://purl.obolibrary.org/obo/NCBITaxon_7955,EXP_205,Lein,AC50,acute,5d
http://purl.obolibrary.org/obo/CHEBI_5693,http://purl.obolibrary.org/obo/ECTO_0001768,http://purl.obolibrary.org/obo/ZP_0005012,http://purl.obolibrary.org/obo/NCBITaxon_7955,EXP_206,Lein,AC50,acute,5d
http://purl.obolibrary.org/obo/CHEBI_5693,http://purl.obolibrary.org/obo/ECTO_0001768,http://purl.obolibrary.org/obo/ZP_0010405,http://purl.obolibrary.org/obo/NCBITaxon_7955,EXP_207,Lein,AC50,acute,5d
http://purl.obolibrary.org/obo/CHEBI_34785,http://purl.obolibrary.org/obo/ECTO_0001258,http://purl.obolibrary.org/obo/UBERON_0000071,http://purl.obolibrary.org/obo/NCBITaxon_7955,EXP_208,Lein,AC50,acute,5d
http://purl.obolibrary.org/obo/CHEBI_34785,http://purl.obolibrary.org/obo/ECTO_0001258,http://purl.obolibrary.org/obo/ZP_0005012,http://purl.obolibrary.org/obo/NCBITaxon_7955,EXP_209,Lein,AC50,acute,5d
http://purl.obolibrary.org/obo/CHEBI_33217,http://purl.obolibrary.org/obo/ECTO_0001901,http://purl.obolibrary.org/obo/UBERON_0000071,http://purl.obolibrary.org/obo/NCBITaxon_7955,EXP_210,Lein,AC50,acute,5d
http://purl.obolibrary.org/obo/CHEBI_33217,http://purl.obolibrary.org/obo/ECTO_0001901,http://purl.obolibrary.org/obo/ZP_0000102,http://purl.obolibrary.org/obo/NCBITaxon_7955,EXP_211,Lein,AC50,acute,5d
http://purl.obolibrary.org/obo/CHEBI_33217,http://purl.obolibrary.org/obo/ECTO_0001901,http://purl.obolibrary.org/obo/ZP_0001241,http://purl.obolibrary.org/obo/NCBITaxon_7955,EXP_212,Lein,AC50,acute,5d
http://purl.obolibrary.org/obo/CHEBI_33217,http://purl.obolibrary.org/obo/ECTO_0001901,http://purl.obolibrary.org/obo/ZP_0010405,http://purl.obolibrary.org/obo/NCBITaxon_7955,EXP_213,Lein,AC50,acute,5d
http://purl.obolibrary.org/obo/CHEBI_28201,http://purl.obolibrary.org/obo/ECTO_0000468,http://purl.obolibrary.org/obo/UBERON_0000071,http://purl.obolibrary.org/obo/NCBITaxon_7955,EXP_214,Lein,AC50,acute,5d
http://purl.obolibrary.org/obo/CHEBI_28201,http://purl.obolibrary.org/obo/ECTO_0000468,http://purl.obolibrary.org/obo/ZP_0000305,http://purl.obolibrary.org/obo/NCBITaxon_7955,EXP_215,Lein,AC50,acute,5d
http://purl.obolibrary.org/obo/CHEBI_28201,http://purl.obolibrary.org/obo/ECTO_0000468,http://purl.obolibrary.org/obo/ZP_0001609,http://purl.obolibrary.org/obo/NCBITaxon_7955,EXP_216,Lein,AC50,acute,5d
http://purl.obolibrary.org/obo/CHEBI_28201,http://purl.obolibrary.org/obo/ECTO_0000468,http://purl.obolibrary.org/obo/ZP_0000102,http://purl.obolibrary.org/obo/NCBITaxon_7955,EXP_217,Lein,AC50,acute,5d
http://purl.obolibrary.org/obo/CHEBI_4659,http://purl.obolibrary.org/obo/ECTO_0002139,http://purl.obolibrary.org/obo/UBERON_0000071,http://purl.obolibrary.org/obo/NCBITaxon_7955,EXP_218,Lein,AC50,acute,5d
http://purl.obolibrary.org/obo/CHEBI_4659,http://purl.obolibrary.org/obo/ECTO_0002139,http://purl.obolibrary.org/obo/ZP_0000102,http://purl.obolibrary.org/obo/NCBITaxon_7955,EXP_219,Lein,AC50,acute,5d
http://purl.obolibrary.org/obo/CHEBI_4659,http://purl.obolibrary.org/obo/ECTO_0002139,http://purl.obolibrary.org/obo/ZP_0001241,http://purl.obolibrary.org/obo/NCBITaxon_7955,EXP_220,Lein,AC50,acute,5d
http://purl.obolibrary.org/obo/CHEBI_4659,http://purl.obolibrary.org/obo/ECTO_0002139,http://purl.obolibrary.org/obo/ZP_0000627,http://purl.obolibrary.org/obo/NCBITaxon_7955,EXP_221,Lein,AC50,acute,5d
http://purl.obolibrary.org/obo/CHEBI_81781,http://purl.obolibrary.org/obo/ECTO_0001431,http://purl.obolibrary.org/obo/ZP_0000102,http://purl.obolibrary.org/obo/NCBITaxon_7955,EXP_222,Tanguay,AC50,acute,5d
http://purl.obolibrary.org/obo/CHEBI_81781,http://purl.obolibrary.org/obo/ECTO_0001431,http://purl.obolibrary.org/obo/ZP_0005012,http://purl.obolibrary.org/obo/NCBITaxon_7955,EXP_223,Tanguay,AC50,acute,5d
http://purl.obolibrary.org/obo/CHEBI_81781,http://purl.obolibrary.org/obo/ECTO_0001431,http://purl.obolibrary.org/obo/ZP_0008271,http://purl.obolibrary.org/obo/NCBITaxon_7955,EXP_224,Tanguay,AC50,acute,5d
http://purl.obolibrary.org/obo/CHEBI_81781,http://purl.obolibrary.org/obo/ECTO_0001431,http://purl.obolibrary.org/obo/ZP_0014550,http://purl.obolibrary.org/obo/NCBITaxon_7955,EXP_225,Tanguay,AC50,acute,5d
http://purl.obolibrary.org/obo/CHEBI_81781,http://purl.obolibrary.org/obo/ECTO_0001431,http://purl.obolibrary.org/obo/ZP_0009598,http://purl.obolibrary.org/obo/NCBITaxon_7955,EXP_226,Tanguay,AC50,acute,5d
http://purl.obolibrary.org/obo/CHEBI_81781,http://purl.obolibrary.org/obo/ECTO_0001431,http://purl.obolibrary.org/obo/ZP_0001601,http://purl.obolibrary.org/obo/NCBITaxon_7955,EXP_227,Tanguay,AC50,acute,5d
http://purl.obolibrary.org/obo/CHEBI_81781,http://purl.obolibrary.org/obo/ECTO_0001431,http://purl.obolibrary.org/obo/ZP_0009266,http://purl.obolibrary.org/obo/NCBITaxon_7955,EXP_228,Tanguay,AC50,acute,5d
http://purl.obolibrary.org/obo/CHEBI_81781,http://purl.obolibrary.org/obo/ECTO_0001431,http://purl.obolibrary.org/obo/ZP_0000100,http://purl.obolibrary.org/obo/NCBITaxon_7955,EXP_229,Tanguay,AC50,acute,5d
http://purl.obolibrary.org/obo/CHEBI_81781,http://purl.obolibrary.org/obo/ECTO_0001431,http://purl.obolibrary.org/obo/ZP_0000055,http://purl.obolibrary.org/obo/NCBITaxon_7955,EXP_230,Tanguay,AC50,acute,5d
http://purl.obolibrary.org/obo/CHEBI_81781,http://purl.obolibrary.org/obo/ECTO_0001431,http://purl.obolibrary.org/obo/ZP_0010405,http://purl.obolibrary.org/obo/NCBITaxon_7955,EXP_231,Tanguay,AC50,acute,5d
http://purl.obolibrary.org/obo/CHEBI_35033,http://purl.obolibrary.org/obo/ECTO_0002271,http://purl.obolibrary.org/obo/UBERON_0000071,http://purl.obolibrary.org/obo/NCBITaxon_7955,EXP_232,Tanguay,AC50,acute,5d
http://purl.obolibrary.org/obo/CHEBI_35033,http://purl.obolibrary.org/obo/ECTO_0002271,http://purl.obolibrary.org/obo/ZP_0000102,http://purl.obolibrary.org/obo/NCBITaxon_7955,EXP_233,Tanguay,AC50,acute,5d
http://purl.obolibrary.org/obo/CHEBI_35033,http://purl.obolibrary.org/obo/ECTO_0002271,http://purl.obolibrary.org/obo/ZP_0005012,http://purl.obolibrary.org/obo/NCBITaxon_7955,EXP_234,Tanguay,AC50,acute,5d
http://purl.obolibrary.org/obo/CHEBI_35033,http://purl.obolibrary.org/obo/ECTO_0002271,http://purl.obolibrary.org/obo/ZP_0008271,http://purl.obolibrary.org/obo/NCBITaxon_7955,EXP_235,Tanguay,AC50,acute,5d
http://purl.obolibrary.org/obo/CHEBI_35033,http://purl.obolibrary.org/obo/ECTO_0002271,http://purl.obolibrary.org/obo/ZP_0014550,http://purl.obolibrary.org/obo/NCBITaxon_7955,EXP_236,Tanguay,AC50,acute,5d
http://purl.obolibrary.org/obo/CHEBI_35033,http://purl.obolibrary.org/obo/ECTO_0002271,http://purl.obolibrary.org/obo/ZP_0009598,http://purl.obolibrary.org/obo/NCBITaxon_7955,EXP_237,Tanguay,AC50,acute,5d
http://purl.obolibrary.org/obo/CHEBI_35033,http://purl.obolibrary.org/obo/ECTO_0002271,http://purl.obolibrary.org/obo/ZP_0001601,http://purl.obolibrary.org/obo/NCBITaxon_7955,EXP_238,Tanguay,AC50,acute,5d
http://purl.obolibrary.org/obo/CHEBI_35033,http://purl.obolibrary.org/obo/ECTO_0002271,http://purl.obolibrary.org/obo/ZP_0009266,http://purl.obolibrary.org/obo/NCBITaxon_7955,EXP_239,Tanguay,AC50,acute,5d
http://purl.obolibrary.org/obo/CHEBI_35033,http://purl.obolibrary.org/obo/ECTO_0002271,http://purl.obolibrary.org/obo/ZP_0000100,http://purl.obolibrary.org/obo/NCBITaxon_7955,EXP_240,Tanguay,AC50,acute,5d
http://purl.obolibrary.org/obo/CHEBI_35033,http://purl.obolibrary.org/obo/ECTO_0002271,http://purl.obolibrary.org/obo/ZP_0000055,http://purl.obolibrary.org/obo/NCBITaxon_7955,EXP_241,Tanguay,AC50,acute,5d
http://purl.obolibrary.org/obo/CHEBI_35033,http://purl.obolibrary.org/obo/ECTO_0002271,http://purl.obolibrary.org/obo/ZP_0010405,http://purl.obolibrary.org/obo/NCBITaxon_7955,EXP_242,Tanguay,AC50,acute,5d
http://purl.obolibrary.org/obo/CHEBI_35033,http://purl.obolibrary.org/obo/ECTO_0002271,http://purl.obolibrary.org/obo/ZP_0003437,http://purl.obolibrary.org/obo/NCBITaxon_7955,EXP_243,Tanguay,AC50,acute,5d
http://purl.obolibrary.org/obo/CHEBI_35033,http://purl.obolibrary.org/obo/ECTO_0002271,http://purl.obolibrary.org/obo/ZP_0000624,http://purl.obolibrary.org/obo/NCBITaxon_7955,EXP_244,Tanguay,AC50,acute,5d
http://purl.obolibrary.org/obo/CHEBI_2555,http://purl.obolibrary.org/obo/ECTO_0001602,http://purl.obolibrary.org/obo/ZP_0000102,http://purl.obolibrary.org/obo/NCBITaxon_7955,EXP_245,Tanguay,AC50,acute,5d
http://purl.obolibrary.org/obo/CHEBI_2555,http://purl.obolibrary.org/obo/ECTO_0001602,http://purl.obolibrary.org/obo/ZP_0005012,http://purl.obolibrary.org/obo/NCBITaxon_7955,EXP_246,Tanguay,AC50,acute,5d
http://purl.obolibrary.org/obo/CHEBI_28119,http://purl.obolibrary.org/obo/ECTO_0000456,http://purl.obolibrary.org/obo/UBERON_0000071,http://purl.obolibrary.org/obo/NCBITaxon_7955,EXP_247,Tanguay,AC50,acute,5d
http://purl.obolibrary.org/obo/CHEBI_28119,http://purl.obolibrary.org/obo/ECTO_0000456,http://purl.obolibrary.org/obo/ZP_0005012,http://purl.obolibrary.org/obo/NCBITaxon_7955,EXP_248,Tanguay,AC50,acute,5d
http://purl.obolibrary.org/obo/CHEBI_28119,http://purl.obolibrary.org/obo/ECTO_0000456,http://purl.obolibrary.org/obo/ZP_0009266,http://purl.obolibrary.org/obo/NCBITaxon_7955,EXP_249,Tanguay,AC50,acute,5d
http://purl.obolibrary.org/obo/CHEBI_28119,http://purl.obolibrary.org/obo/ECTO_0000456,http://purl.obolibrary.org/obo/ZP_0000100,http://purl.obolibrary.org/obo/NCBITaxon_7955,EXP_250,Tanguay,AC50,acute,5d
http://purl.obolibrary.org/obo/CHEBI_28119,http://purl.obolibrary.org/obo/ECTO_0000456,http://purl.obolibrary.org/obo/ZP_0010405,http://purl.obolibrary.org/obo/NCBITaxon_7955,EXP_251,Tanguay,AC50,acute,5d
http://purl.obolibrary.org/obo/CHEBI_28119,http://purl.obolibrary.org/obo/ECTO_0000456,http://purl.obolibrary.org/obo/ZP_0003437,http://purl.obolibrary.org/obo/NCBITaxon_7955,EXP_252,Tanguay,AC50,acute,5d
http://purl.obolibrary.org/obo/CHEBI_28119,http://purl.obolibrary.org/obo/ECTO_0000456,http://purl.obolibrary.org/obo/ZP_0000624,http://purl.obolibrary.org/obo/NCBITaxon_7955,EXP_253,Tanguay,AC50,acute,5d
http://purl.obolibrary.org/obo/CHEBI_49575,http://purl.obolibrary.org/obo/ECTO_0001346,http://purl.obolibrary.org/obo/UBERON_0000071,http://purl.obolibrary.org/obo/NCBITaxon_7955,EXP_254,Tanguay,AC50,acute,5d
http://purl.obolibrary.org/obo/CHEBI_49575,http://purl.obolibrary.org/obo/ECTO_0001346,http://purl.obolibrary.org/obo/ZP_0000102,http://purl.obolibrary.org/obo/NCBITaxon_7955,EXP_255,Tanguay,AC50,acute,5d
http://purl.obolibrary.org/obo/CHEBI_49575,http://purl.obolibrary.org/obo/ECTO_0001346,http://purl.obolibrary.org/obo/ZP_0005012,http://purl.obolibrary.org/obo/NCBITaxon_7955,EXP_256,Tanguay,AC50,acute,5d
http://purl.obolibrary.org/obo/CHEBI_49575,http://purl.obolibrary.org/obo/ECTO_0001346,http://purl.obolibrary.org/obo/ZP_0008271,http://purl.obolibrary.org/obo/NCBITaxon_7955,EXP_257,Tanguay,AC50,acute,5d
http://purl.obolibrary.org/obo/CHEBI_49575,http://purl.obolibrary.org/obo/ECTO_0001346,http://purl.obolibrary.org/obo/ZP_0014550,http://purl.obolibrary.org/obo/NCBITaxon_7955,EXP_258,Tanguay,AC50,acute,5d
http://purl.obolibrary.org/obo/CHEBI_49575,http://purl.obolibrary.org/obo/ECTO_0001346,http://purl.obolibrary.org/obo/ZP_0009598,http://purl.obolibrary.org/obo/NCBITaxon_7955,EXP_259,Tanguay,AC50,acute,5d
http://purl.obolibrary.org/obo/CHEBI_49575,http://purl.obolibrary.org/obo/ECTO_0001346,http://purl.obolibrary.org/obo/ZP_0009266,http://purl.obolibrary.org/obo/NCBITaxon_7955,EXP_260,Tanguay,AC50,acute,5d
http://purl.obolibrary.org/obo/CHEBI_49575,http://purl.obolibrary.org/obo/ECTO_0001346,http://purl.obolibrary.org/obo/ZP_0000055,http://purl.obolibrary.org/obo/NCBITaxon_7955,EXP_261,Tanguay,AC50,acute,5d
http://purl.obolibrary.org/obo/CHEBI_49575,http://purl.obolibrary.org/obo/ECTO_0001346,http://purl.obolibrary.org/obo/ZP_0010405,http://purl.obolibrary.org/obo/NCBITaxon_7955,EXP_262,Tanguay,AC50,acute,5d
http://purl.obolibrary.org/obo/CHEBI_49575,http://purl.obolibrary.org/obo/ECTO_0001346,http://purl.obolibrary.org/obo/ZP_0003437,http://purl.obolibrary.org/obo/NCBITaxon_7955,EXP_263,Tanguay,AC50,acute,5d
http://purl.obolibrary.org/obo/CHEBI_49575,http://purl.obolibrary.org/obo/ECTO_0001346,http://purl.obolibrary.org/obo/ZP_0000624,http://purl.obolibrary.org/obo/NCBITaxon_7955,EXP_264,Tanguay,AC50,acute,5d
http://purl.obolibrary.org/obo/CHEBI_16130,http://purl.obolibrary.org/obo/ECTO_0000970,http://purl.obolibrary.org/obo/ZP_0000102,http://purl.obolibrary.org/obo/NCBITaxon_7955,EXP_265,Tanguay,AC50,acute,5d
http://purl.obolibrary.org/obo/CHEBI_16130,http://purl.obolibrary.org/obo/ECTO_0000970,http://purl.obolibrary.org/obo/ZP_0005012,http://purl.obolibrary.org/obo/NCBITaxon_7955,EXP_266,Tanguay,AC50,acute,5d
http://purl.obolibrary.org/obo/CHEBI_16130,http://purl.obolibrary.org/obo/ECTO_0000970,http://purl.obolibrary.org/obo/ZP_0008271,http://purl.obolibrary.org/obo/NCBITaxon_7955,EXP_267,Tanguay,AC50,acute,5d
http://purl.obolibrary.org/obo/CHEBI_16130,http://purl.obolibrary.org/obo/ECTO_0000970,http://purl.obolibrary.org/obo/ZP_0014550,http://purl.obolibrary.org/obo/NCBITaxon_7955,EXP_268,Tanguay,AC50,acute,5d
http://purl.obolibrary.org/obo/CHEBI_16130,http://purl.obolibrary.org/obo/ECTO_0000970,http://purl.obolibrary.org/obo/ZP_0009598,http://purl.obolibrary.org/obo/NCBITaxon_7955,EXP_269,Tanguay,AC50,acute,5d
http://purl.obolibrary.org/obo/CHEBI_16130,http://purl.obolibrary.org/obo/ECTO_0000970,http://purl.obolibrary.org/obo/ZP_0009266,http://purl.obolibrary.org/obo/NCBITaxon_7955,EXP_270,Tanguay,AC50,acute,5d
http://purl.obolibrary.org/obo/CHEBI_16130,http://purl.obolibrary.org/obo/ECTO_0000970,http://purl.obolibrary.org/obo/ZP_0000624,http://purl.obolibrary.org/obo/NCBITaxon_7955,EXP_271,Tanguay,AC50,acute,5d
http://purl.obolibrary.org/obo/CHEBI_34911,http://purl.obolibrary.org/obo/ECTO_0001854,http://purl.obolibrary.org/obo/ZP_0000102,http://purl.obolibrary.org/obo/NCBITaxon_7955,EXP_272,Tanguay,AC50,acute,5d
http://purl.obolibrary.org/obo/CHEBI_34911,http://purl.obolibrary.org/obo/ECTO_0001854,http://purl.obolibrary.org/obo/ZP_0005012,http://purl.obolibrary.org/obo/NCBITaxon_7955,EXP_273,Tanguay,AC50,acute,5d
http://purl.obolibrary.org/obo/CHEBI_34911,http://purl.obolibrary.org/obo/ECTO_0001854,http://purl.obolibrary.org/obo/ZP_0008271,http://purl.obolibrary.org/obo/NCBITaxon_7955,EXP_274,Tanguay,AC50,acute,5d
http://purl.obolibrary.org/obo/CHEBI_34911,http://purl.obolibrary.org/obo/ECTO_0001854,http://purl.obolibrary.org/obo/ZP_0014550,http://purl.obolibrary.org/obo/NCBITaxon_7955,EXP_275,Tanguay,AC50,acute,5d
http://purl.obolibrary.org/obo/CHEBI_34911,http://purl.obolibrary.org/obo/ECTO_0001854,http://purl.obolibrary.org/obo/ZP_0009598,http://purl.obolibrary.org/obo/NCBITaxon_7955,EXP_276,Tanguay,AC50,acute,5d
http://purl.obolibrary.org/obo/CHEBI_34911,http://purl.obolibrary.org/obo/ECTO_0001854,http://purl.obolibrary.org/obo/ZP_0010405,http://purl.obolibrary.org/obo/NCBITaxon_7955,EXP_277,Tanguay,AC50,acute,5d
http://purl.obolibrary.org/obo/CHEBI_83279,http://purl.obolibrary.org/obo/ECTO_0001464,http://purl.obolibrary.org/obo/UBERON_0000071,http://purl.obolibrary.org/obo/NCBITaxon_7955,EXP_278,Tanguay,AC50,acute,5d
http://purl.obolibrary.org/obo/CHEBI_83279,http://purl.obolibrary.org/obo/ECTO_0001464,http://purl.obolibrary.org/obo/ZP_0000102,http://purl.obolibrary.org/obo/NCBITaxon_7955,EXP_279,Tanguay,AC50,acute,5d
http://purl.obolibrary.org/obo/CHEBI_83279,http://purl.obolibrary.org/obo/ECTO_0001464,http://purl.obolibrary.org/obo/ZP_0005012,http://purl.obolibrary.org/obo/NCBITaxon_7955,EXP_280,Tanguay,AC50,acute,5d
http://purl.obolibrary.org/obo/CHEBI_83279,http://purl.obolibrary.org/obo/ECTO_0001464,http://purl.obolibrary.org/obo/ZP_0008271,http://purl.obolibrary.org/obo/NCBITaxon_7955,EXP_281,Tanguay,AC50,acute,5d
http://purl.obolibrary.org/obo/CHEBI_83279,http://purl.obolibrary.org/obo/ECTO_0001464,http://purl.obolibrary.org/obo/ZP_0009598,http://purl.obolibrary.org/obo/NCBITaxon_7955,EXP_282,Tanguay,AC50,acute,5d
http://purl.obolibrary.org/obo/CHEBI_83279,http://purl.obolibrary.org/obo/ECTO_0001464,http://purl.obolibrary.org/obo/ZP_0000100,http://purl.obolibrary.org/obo/NCBITaxon_7955,EXP_283,Tanguay,AC50,acute,5d
http://purl.obolibrary.org/obo/CHEBI_83279,http://purl.obolibrary.org/obo/ECTO_0001464,http://purl.obolibrary.org/obo/ZP_0000055,http://purl.obolibrary.org/obo/NCBITaxon_7955,EXP_284,Tanguay,AC50,acute,5d
http://purl.obolibrary.org/obo/CHEBI_83279,http://purl.obolibrary.org/obo/ECTO_0001464,http://purl.obolibrary.org/obo/ZP_0010405,http://purl.obolibrary.org/obo/NCBITaxon_7955,EXP_285,Tanguay,AC50,acute,5d
http://purl.obolibrary.org/obo/CHEBI_83279,http://purl.obolibrary.org/obo/ECTO_0001464,http://purl.obolibrary.org/obo/ZP_0003437,http://purl.obolibrary.org/obo/NCBITaxon_7955,EXP_286,Tanguay,AC50,acute,5d
http://purl.obolibrary.org/obo/CHEBI_83279,http://purl.obolibrary.org/obo/ECTO_0001464,http://purl.obolibrary.org/obo/ZP_0000624,http://purl.obolibrary.org/obo/NCBITaxon_7955,EXP_287,Tanguay,AC50,acute,5d
http://purl.obolibrary.org/obo/CHEBI_27928,http://purl.obolibrary.org/obo/ECTO_0002222,http://purl.obolibrary.org/obo/UBERON_0000071,http://purl.obolibrary.org/obo/NCBITaxon_7955,EXP_288,Tanguay,AC50,acute,5d
http://purl.obolibrary.org/obo/CHEBI_27928,http://purl.obolibrary.org/obo/ECTO_0002222,http://purl.obolibrary.org/obo/ZP_0000102,http://purl.obolibrary.org/obo/NCBITaxon_7955,EXP_289,Tanguay,AC50,acute,5d
http://purl.obolibrary.org/obo/CHEBI_27928,http://purl.obolibrary.org/obo/ECTO_0002222,http://purl.obolibrary.org/obo/ZP_0005012,http://purl.obolibrary.org/obo/NCBITaxon_7955,EXP_290,Tanguay,AC50,acute,5d
http://purl.obolibrary.org/obo/CHEBI_27928,http://purl.obolibrary.org/obo/ECTO_0002222,http://purl.obolibrary.org/obo/ZP_0008271,http://purl.obolibrary.org/obo/NCBITaxon_7955,EXP_291,Tanguay,AC50,acute,5d
http://purl.obolibrary.org/obo/CHEBI_27928,http://purl.obolibrary.org/obo/ECTO_0002222,http://purl.obolibrary.org/obo/ZP_0014550,http://purl.obolibrary.org/obo/NCBITaxon_7955,EXP_292,Tanguay,AC50,acute,5d
http://purl.obolibrary.org/obo/CHEBI_27928,http://purl.obolibrary.org/obo/ECTO_0002222,http://purl.obolibrary.org/obo/ZP_0009598,http://purl.obolibrary.org/obo/NCBITaxon_7955,EXP_293,Tanguay,AC50,acute,5d
http://purl.obolibrary.org/obo/CHEBI_27928,http://purl.obolibrary.org/obo/ECTO_0002222,http://purl.obolibrary.org/obo/ZP_0009266,http://purl.obolibrary.org/obo/NCBITaxon_7955,EXP_294,Tanguay,AC50,acute,5d
http://purl.obolibrary.org/obo/CHEBI_27928,http://purl.obolibrary.org/obo/ECTO_0002222,http://purl.obolibrary.org/obo/ZP_0000055,http://purl.obolibrary.org/obo/NCBITaxon_7955,EXP_295,Tanguay,AC50,acute,5d
http://purl.obolibrary.org/obo/CHEBI_27928,http://purl.obolibrary.org/obo/ECTO_0002222,http://purl.obolibrary.org/obo/ZP_0010405,http://purl.obolibrary.org/obo/NCBITaxon_7955,EXP_296,Tanguay,AC50,acute,5d
http://purl.obolibrary.org/obo/CHEBI_27928,http://purl.obolibrary.org/obo/ECTO_0002222,http://purl.obolibrary.org/obo/ZP_0003437,http://purl.obolibrary.org/obo/NCBITaxon_7955,EXP_297,Tanguay,AC50,acute,5d
http://purl.obolibrary.org/obo/CHEBI_27928,http://purl.obolibrary.org/obo/ECTO_0002222,http://purl.obolibrary.org/obo/ZP_0000624,http://purl.obolibrary.org/obo/NCBITaxon_7955,EXP_298,Tanguay,AC50,acute,5d
http://purl.obolibrary.org/obo/CHEBI_41922,http://purl.obolibrary.org/obo/ECTO_0002005,http://purl.obolibrary.org/obo/UBERON_0000071,http://purl.obolibrary.org/obo/NCBITaxon_7955,EXP_299,Tanguay,AC50,acute,5d
http://purl.obolibrary.org/obo/CHEBI_41922,http://purl.obolibrary.org/obo/ECTO_0002005,http://purl.obolibrary.org/obo/ZP_0000102,http://purl.obolibrary.org/obo/NCBITaxon_7955,EXP_300,Tanguay,AC50,acute,5d
http://purl.obolibrary.org/obo/CHEBI_41922,http://purl.obolibrary.org/obo/ECTO_0002005,http://purl.obolibrary.org/obo/ZP_0005012,http://purl.obolibrary.org/obo/NCBITaxon_7955,EXP_301,Tanguay,AC50,acute,5d
http://purl.obolibrary.org/obo/CHEBI_41922,http://purl.obolibrary.org/obo/ECTO_0002005,http://purl.obolibrary.org/obo/ZP_0008271,http://purl.obolibrary.org/obo/NCBITaxon_7955,EXP_302,Tanguay,AC50,acute,5d
http://purl.obolibrary.org/obo/CHEBI_41922,http://purl.obolibrary.org/obo/ECTO_0002005,http://purl.obolibrary.org/obo/ZP_0014550,http://purl.obolibrary.org/obo/NCBITaxon_7955,EXP_303,Tanguay,AC50,acute,5d
http://purl.obolibrary.org/obo/CHEBI_41922,http://purl.obolibrary.org/obo/ECTO_0002005,http://purl.obolibrary.org/obo/ZP_0009598,http://purl.obolibrary.org/obo/NCBITaxon_7955,EXP_304,Tanguay,AC50,acute,5d
http://purl.obolibrary.org/obo/CHEBI_41922,http://purl.obolibrary.org/obo/ECTO_0002005,http://purl.obolibrary.org/obo/ZP_0009266,http://purl.obolibrary.org/obo/NCBITaxon_7955,EXP_305,Tanguay,AC50,acute,5d
http://purl.obolibrary.org/obo/CHEBI_41922,http://purl.obolibrary.org/obo/ECTO_0002005,http://purl.obolibrary.org/obo/ZP_0000055,http://purl.obolibrary.org/obo/NCBITaxon_7955,EXP_306,Tanguay,AC50,acute,5d
http://purl.obolibrary.org/obo/CHEBI_41922,http://purl.obolibrary.org/obo/ECTO_0002005,http://purl.obolibrary.org/obo/ZP_0010405,http://purl.obolibrary.org/obo/NCBITaxon_7955,EXP_307,Tanguay,AC50,acute,5d
http://purl.obolibrary.org/obo/CHEBI_41922,http://purl.obolibrary.org/obo/ECTO_0002005,http://purl.obolibrary.org/obo/ZP_0003437,http://purl.obolibrary.org/obo/NCBITaxon_7955,EXP_308,Tanguay,AC50,acute,5d
http://purl.obolibrary.org/obo/CHEBI_41922,http://purl.obolibrary.org/obo/ECTO_0002005,http://purl.obolibrary.org/obo/ZP_0000624,http://purl.obolibrary.org/obo/NCBITaxon_7955,EXP_309,Tanguay,AC50,acute,5d
http://purl.obolibrary.org/obo/CHEBI_34696,http://purl.obolibrary.org/obo/ECTO_0002131,http://purl.obolibrary.org/obo/ZP_0005012,http://purl.obolibrary.org/obo/NCBITaxon_7955,EXP_310,Tanguay,AC50,acute,5d
http://purl.obolibrary.org/obo/CHEBI_34696,http://purl.obolibrary.org/obo/ECTO_0002131,http://purl.obolibrary.org/obo/ZP_0008271,http://purl.obolibrary.org/obo/NCBITaxon_7955,EXP_311,Tanguay,AC50,acute,5d
http://purl.obolibrary.org/obo/CHEBI_34696,http://purl.obolibrary.org/obo/ECTO_0002131,http://purl.obolibrary.org/obo/ZP_0014550,http://purl.obolibrary.org/obo/NCBITaxon_7955,EXP_312,Tanguay,AC50,acute,5d
http://purl.obolibrary.org/obo/CHEBI_34696,http://purl.obolibrary.org/obo/ECTO_0002131,http://purl.obolibrary.org/obo/ZP_0009598,http://purl.obolibrary.org/obo/NCBITaxon_7955,EXP_313,Tanguay,AC50,acute,5d
http://purl.obolibrary.org/obo/CHEBI_34696,http://purl.obolibrary.org/obo/ECTO_0002131,http://purl.obolibrary.org/obo/ZP_0000055,http://purl.obolibrary.org/obo/NCBITaxon_7955,EXP_314,Tanguay,AC50,acute,5d
http://purl.obolibrary.org/obo/CHEBI_34696,http://purl.obolibrary.org/obo/ECTO_0002131,http://purl.obolibrary.org/obo/ZP_0010405,http://purl.obolibrary.org/obo/NCBITaxon_7955,EXP_315,Tanguay,AC50,acute,5d
http://purl.obolibrary.org/obo/CHEBI_34696,http://purl.obolibrary.org/obo/ECTO_0002131,http://purl.obolibrary.org/obo/ZP_0003437,http://purl.obolibrary.org/obo/NCBITaxon_7955,EXP_316,Tanguay,AC50,acute,5d
http://purl.obolibrary.org/obo/CHEBI_3390,http://purl.obolibrary.org/obo/ECTO_0001647,http://purl.obolibrary.org/obo/UBERON_0000071,http://purl.obolibrary.org/obo/NCBITaxon_7955,EXP_317,Tanguay,AC50,acute,5d
http://purl.obolibrary.org/obo/CHEBI_3390,http://purl.obolibrary.org/obo/ECTO_0001647,http://purl.obolibrary.org/obo/ZP_0000102,http://purl.obolibrary.org/obo/NCBITaxon_7955,EXP_318,Tanguay,AC50,acute,5d
http://purl.obolibrary.org/obo/CHEBI_3390,http://purl.obolibrary.org/obo/ECTO_0001647,http://purl.obolibrary.org/obo/ZP_0000055,http://purl.obolibrary.org/obo/NCBITaxon_7955,EXP_319,Tanguay,AC50,acute,5d
http://purl.obolibrary.org/obo/CHEBI_5693,http://purl.obolibrary.org/obo/ECTO_0001768,http://purl.obolibrary.org/obo/UBERON_0000071,http://purl.obolibrary.org/obo/NCBITaxon_7955,EXP_320,Tanguay,AC50,acute,5d
http://purl.obolibrary.org/obo/CHEBI_5693,http://purl.obolibrary.org/obo/ECTO_0001768,http://purl.obolibrary.org/obo/ZP_0000102,http://purl.obolibrary.org/obo/NCBITaxon_7955,EXP_321,Tanguay,AC50,acute,5d
http://purl.obolibrary.org/obo/CHEBI_5693,http://purl.obolibrary.org/obo/ECTO_0001768,http://purl.obolibrary.org/obo/ZP_0005012,http://purl.obolibrary.org/obo/NCBITaxon_7955,EXP_322,Tanguay,AC50,acute,5d
http://purl.obolibrary.org/obo/CHEBI_5693,http://purl.obolibrary.org/obo/ECTO_0001768,http://purl.obolibrary.org/obo/ZP_0008271,http://purl.obolibrary.org/obo/NCBITaxon_7955,EXP_323,Tanguay,AC50,acute,5d
http://purl.obolibrary.org/obo/CHEBI_5693,http://purl.obolibrary.org/obo/ECTO_0001768,http://purl.obolibrary.org/obo/ZP_0014550,http://purl.obolibrary.org/obo/NCBITaxon_7955,EXP_324,Tanguay,AC50,acute,5d
http://purl.obolibrary.org/obo/CHEBI_5693,http://purl.obolibrary.org/obo/ECTO_0001768,http://purl.obolibrary.org/obo/ZP_0009598,http://purl.obolibrary.org/obo/NCBITaxon_7955,EXP_325,Tanguay,AC50,acute,5d
http://purl.obolibrary.org/obo/CHEBI_5693,http://purl.obolibrary.org/obo/ECTO_0001768,http://purl.obolibrary.org/obo/ZP_0001601,http://purl.obolibrary.org/obo/NCBITaxon_7955,EXP_326,Tanguay,AC50,acute,5d
http://purl.obolibrary.org/obo/CHEBI_5693,http://purl.obolibrary.org/obo/ECTO_0001768,http://purl.obolibrary.org/obo/ZP_0009266,http://purl.obolibrary.org/obo/NCBITaxon_7955,EXP_327,Tanguay,AC50,acute,5d
http://purl.obolibrary.org/obo/CHEBI_5693,http://purl.obolibrary.org/obo/ECTO_0001768,http://purl.obolibrary.org/obo/ZP_0000011,http://purl.obolibrary.org/obo/NCBITaxon_7955,EXP_328,Tanguay,AC50,acute,5d
http://purl.obolibrary.org/obo/CHEBI_5693,http://purl.obolibrary.org/obo/ECTO_0001768,http://purl.obolibrary.org/obo/ZP_0000055,http://purl.obolibrary.org/obo/NCBITaxon_7955,EXP_329,Tanguay,AC50,acute,5d
http://purl.obolibrary.org/obo/CHEBI_5693,http://purl.obolibrary.org/obo/ECTO_0001768,http://purl.obolibrary.org/obo/ZP_0010405,http://purl.obolibrary.org/obo/NCBITaxon_7955,EXP_330,Tanguay,AC50,acute,5d
http://purl.obolibrary.org/obo/CHEBI_5693,http://purl.obolibrary.org/obo/ECTO_0001768,http://purl.obolibrary.org/obo/ZP_0003437,http://purl.obolibrary.org/obo/NCBITaxon_7955,EXP_331,Tanguay,AC50,acute,5d
http://purl.obolibrary.org/obo/CHEBI_5693,http://purl.obolibrary.org/obo/ECTO_0001768,http://purl.obolibrary.org/obo/ZP_0000624,http://purl.obolibrary.org/obo/NCBITaxon_7955,EXP_332,Tanguay,AC50,acute,5d
http://purl.obolibrary.org/obo/CHEBI_33217,http://purl.obolibrary.org/obo/ECTO_0001901,http://purl.obolibrary.org/obo/UBERON_0000071,http://purl.obolibrary.org/obo/NCBITaxon_7955,EXP_333,Tanguay,AC50,acute,5d
http://purl.obolibrary.org/obo/CHEBI_33217,http://purl.obolibrary.org/obo/ECTO_0001901,http://purl.obolibrary.org/obo/ZP_0000102,http://purl.obolibrary.org/obo/NCBITaxon_7955,EXP_334,Tanguay,AC50,acute,5d
http://purl.obolibrary.org/obo/CHEBI_33217,http://purl.obolibrary.org/obo/ECTO_0001901,http://purl.obolibrary.org/obo/ZP_0005012,http://purl.obolibrary.org/obo/NCBITaxon_7955,EXP_335,Tanguay,AC50,acute,5d
http://purl.obolibrary.org/obo/CHEBI_33217,http://purl.obolibrary.org/obo/ECTO_0001901,http://purl.obolibrary.org/obo/ZP_0008271,http://purl.obolibrary.org/obo/NCBITaxon_7955,EXP_336,Tanguay,AC50,acute,5d
http://purl.obolibrary.org/obo/CHEBI_33217,http://purl.obolibrary.org/obo/ECTO_0001901,http://purl.obolibrary.org/obo/ZP_0014550,http://purl.obolibrary.org/obo/NCBITaxon_7955,EXP_337,Tanguay,AC50,acute,5d
http://purl.obolibrary.org/obo/CHEBI_33217,http://purl.obolibrary.org/obo/ECTO_0001901,http://purl.obolibrary.org/obo/ZP_0009598,http://purl.obolibrary.org/obo/NCBITaxon_7955,EXP_338,Tanguay,AC50,acute,5d
http://purl.obolibrary.org/obo/CHEBI_33217,http://purl.obolibrary.org/obo/ECTO_0001901,http://purl.obolibrary.org/obo/ZP_0009266,http://purl.obolibrary.org/obo/NCBITaxon_7955,EXP_339,Tanguay,AC50,acute,5d
http://purl.obolibrary.org/obo/CHEBI_33217,http://purl.obolibrary.org/obo/ECTO_0001901,http://purl.obolibrary.org/obo/ZP_0000100,http://purl.obolibrary.org/obo/NCBITaxon_7955,EXP_340,Tanguay,AC50,acute,5d
http://purl.obolibrary.org/obo/CHEBI_33217,http://purl.obolibrary.org/obo/ECTO_0001901,http://purl.obolibrary.org/obo/ZP_0000011,http://purl.obolibrary.org/obo/NCBITaxon_7955,EXP_341,Tanguay,AC50,acute,5d
http://purl.obolibrary.org/obo/CHEBI_33217,http://purl.obolibrary.org/obo/ECTO_0001901,http://purl.obolibrary.org/obo/ZP_0000055,http://purl.obolibrary.org/obo/NCBITaxon_7955,EXP_342,Tanguay,AC50,acute,5d
http://purl.obolibrary.org/obo/CHEBI_33217,http://purl.obolibrary.org/obo/ECTO_0001901,http://purl.obolibrary.org/obo/ZP_0010405,http://purl.obolibrary.org/obo/NCBITaxon_7955,EXP_343,Tanguay,AC50,acute,5d
http://purl.obolibrary.org/obo/CHEBI_33217,http://purl.obolibrary.org/obo/ECTO_0001901,http://purl.obolibrary.org/obo/ZP_0003437,http://purl.obolibrary.org/obo/NCBITaxon_7955,EXP_344,Tanguay,AC50,acute,5d
http://purl.obolibrary.org/obo/CHEBI_33217,http://purl.obolibrary.org/obo/ECTO_0001901,http://purl.obolibrary.org/obo/ZP_0000624,http://purl.obolibrary.org/obo/NCBITaxon_7955,EXP_345,Tanguay,AC50,acute,5d
http://purl.obolibrary.org/obo/CHEBI_33216,http://purl.obolibrary.org/obo/ECTO_0000414,http://purl.obolibrary.org/obo/UBERON_0000071,http://purl.obolibrary.org/obo/NCBITaxon_7955,EXP_346,Tanguay,AC50,acute,5d
http://purl.obolibrary.org/obo/CHEBI_33216,http://purl.obolibrary.org/obo/ECTO_0000414,http://purl.obolibrary.org/obo/ZP_0000102,http://purl.obolibrary.org/obo/NCBITaxon_7955,EXP_347,Tanguay,AC50,acute,5d
http://purl.obolibrary.org/obo/CHEBI_33216,http://purl.obolibrary.org/obo/ECTO_0000414,http://purl.obolibrary.org/obo/ZP_0005012,http://purl.obolibrary.org/obo/NCBITaxon_7955,EXP_348,Tanguay,AC50,acute,5d
http://purl.obolibrary.org/obo/CHEBI_33216,http://purl.obolibrary.org/obo/ECTO_0000414,http://purl.obolibrary.org/obo/ZP_0008271,http://purl.obolibrary.org/obo/NCBITaxon_7955,EXP_349,Tanguay,AC50,acute,5d
http://purl.obolibrary.org/obo/CHEBI_33216,http://purl.obolibrary.org/obo/ECTO_0000414,http://purl.obolibrary.org/obo/ZP_0014550,http://purl.obolibrary.org/obo/NCBITaxon_7955,EXP_350,Tanguay,AC50,acute,5d
http://purl.obolibrary.org/obo/CHEBI_33216,http://purl.obolibrary.org/obo/ECTO_0000414,http://purl.obolibrary.org/obo/ZP_0009598,http://purl.obolibrary.org/obo/NCBITaxon_7955,EXP_351,Tanguay,AC50,acute,5d
http://purl.obolibrary.org/obo/CHEBI_33216,http://purl.obolibrary.org/obo/ECTO_0000414,http://purl.obolibrary.org/obo/ZP_0009266,http://purl.obolibrary.org/obo/NCBITaxon_7955,EXP_352,Tanguay,AC50,acute,5d
http://purl.obolibrary.org/obo/CHEBI_33216,http://purl.obolibrary.org/obo/ECTO_0000414,http://purl.obolibrary.org/obo/ZP_0000100,http://purl.obolibrary.org/obo/NCBITaxon_7955,EXP_353,Tanguay,AC50,acute,5d
http://purl.obolibrary.org/obo/CHEBI_33216,http://purl.obolibrary.org/obo/ECTO_0000414,http://purl.obolibrary.org/obo/ZP_0000055,http://purl.obolibrary.org/obo/NCBITaxon_7955,EXP_354,Tanguay,AC50,acute,5d
http://purl.obolibrary.org/obo/CHEBI_33216,http://purl.obolibrary.org/obo/ECTO_0000414,http://purl.obolibrary.org/obo/ZP_0010405,http://purl.obolibrary.org/obo/NCBITaxon_7955,EXP_355,Tanguay,AC50,acute,5d
http://purl.obolibrary.org/obo/CHEBI_33216,http://purl.obolibrary.org/obo/ECTO_0000414,http://purl.obolibrary.org/obo/ZP_0003437,http://purl.obolibrary.org/obo/NCBITaxon_7955,EXP_356,Tanguay,AC50,acute,5d
http://purl.obolibrary.org/obo/CHEBI_33216,http://purl.obolibrary.org/obo/ECTO_0000414,http://purl.obolibrary.org/obo/ZP_0000624,http://purl.obolibrary.org/obo/NCBITaxon_7955,EXP_357,Tanguay,AC50,acute,5d
http://purl.obolibrary.org/obo/CHEBI_28201,http://purl.obolibrary.org/obo/ECTO_0000468,http://purl.obolibrary.org/obo/UBERON_0000071,http://purl.obolibrary.org/obo/NCBITaxon_7955,EXP_358,Tanguay,AC50,acute,5d
http://purl.obolibrary.org/obo/CHEBI_28201,http://purl.obolibrary.org/obo/ECTO_0000468,http://purl.obolibrary.org/obo/ZP_0000102,http://purl.obolibrary.org/obo/NCBITaxon_7955,EXP_359,Tanguay,AC50,acute,5d
http://purl.obolibrary.org/obo/CHEBI_28201,http://purl.obolibrary.org/obo/ECTO_0000468,http://purl.obolibrary.org/obo/ZP_0005012,http://purl.obolibrary.org/obo/NCBITaxon_7955,EXP_360,Tanguay,AC50,acute,5d
http://purl.obolibrary.org/obo/CHEBI_28201,http://purl.obolibrary.org/obo/ECTO_0000468,http://purl.obolibrary.org/obo/ZP_0008271,http://purl.obolibrary.org/obo/NCBITaxon_7955,EXP_361,Tanguay,AC50,acute,5d
http://purl.obolibrary.org/obo/CHEBI_28201,http://purl.obolibrary.org/obo/ECTO_0000468,http://purl.obolibrary.org/obo/ZP_0014550,http://purl.obolibrary.org/obo/NCBITaxon_7955,EXP_362,Tanguay,AC50,acute,5d
http://purl.obolibrary.org/obo/CHEBI_28201,http://purl.obolibrary.org/obo/ECTO_0000468,http://purl.obolibrary.org/obo/ZP_0009598,http://purl.obolibrary.org/obo/NCBITaxon_7955,EXP_363,Tanguay,AC50,acute,5d
http://purl.obolibrary.org/obo/CHEBI_28201,http://purl.obolibrary.org/obo/ECTO_0000468,http://purl.obolibrary.org/obo/ZP_0009266,http://purl.obolibrary.org/obo/NCBITaxon_7955,EXP_364,Tanguay,AC50,acute,5d
http://purl.obolibrary.org/obo/CHEBI_28201,http://purl.obolibrary.org/obo/ECTO_0000468,http://purl.obolibrary.org/obo/ZP_0000100,http://purl.obolibrary.org/obo/NCBITaxon_7955,EXP_365,Tanguay,AC50,acute,5d
http://purl.obolibrary.org/obo/CHEBI_28201,http://purl.obolibrary.org/obo/ECTO_0000468,http://purl.obolibrary.org/obo/ZP_0000055,http://purl.obolibrary.org/obo/NCBITaxon_7955,EXP_366,Tanguay,AC50,acute,5d
http://purl.obolibrary.org/obo/CHEBI_28201,http://purl.obolibrary.org/obo/ECTO_0000468,http://purl.obolibrary.org/obo/ZP_0010405,http://purl.obolibrary.org/obo/NCBITaxon_7955,EXP_367,Tanguay,AC50,acute,5d
http://purl.obolibrary.org/obo/CHEBI_28201,http://purl.obolibrary.org/obo/ECTO_0000468,http://purl.obolibrary.org/obo/ZP_0000624,http://purl.obolibrary.org/obo/NCBITaxon_7955,EXP_368,Tanguay,AC50,acute,5d
